"GEOID","county","ear22_total","ear22_lesshighschool","ear22_highschool","ear22_college","ear22_bachelor","ear22_graduate","higher_mean","ear22_total_q","state","rtw_state","rtw_years","party"
"01003","Baldwin County, Alabama",42029,30327,41041,35540,52171,61086,0,1,"Alabama",1,70,"Republican"
"01015","Calhoun County, Alabama",34482,28682,32747,36905,37304,56682,0,1,"Alabama",1,70,"Republican"
"01043","Cullman County, Alabama",40432,30374,38855,37336,62336,52650,0,1,"Alabama",1,70,"Republican"
"01049","DeKalb County, Alabama",36010,30255,36819,33459,52964,56571,0,1,"Alabama",1,70,"Republican"
"01051","Elmore County, Alabama",46690,26087,37999,46938,53129,60480,0,2,"Alabama",1,70,"Republican"
"01055","Etowah County, Alabama",37916,35993,32132,37467,58302,69421,0,1,"Alabama",1,70,"Republican"
"01069","Houston County, Alabama",40236,30631,32849,36044,53594,76109,0,1,"Alabama",1,70,"Republican"
"01073","Jefferson County, Alabama",46692,25064,32403,37825,59093,75032,0,2,"Alabama",1,70,"Republican"
"01077","Lauderdale County, Alabama",46073,33164,36701,47212,52551,63895,0,2,"Alabama",1,70,"Republican"
"01081","Lee County, Alabama",46739,29815,35484,43841,55072,63014,0,2,"Alabama",1,70,"Republican"
"01083","Limestone County, Alabama",51810,27471,36585,50250,65408,98130,1,3,"Alabama",1,70,"Republican"
"01089","Madison County, Alabama",53166,27435,37176,38569,66962,101175,1,4,"Alabama",1,70,"Republican"
"01095","Marshall County, Alabama",37475,29951,32435,35438,64044,56901,0,1,"Alabama",1,70,"Republican"
"01097","Mobile County, Alabama",41402,26248,35710,35898,53008,65910,0,1,"Alabama",1,70,"Republican"
"01101","Montgomery County, Alabama",38326,23354,31873,33337,47582,70232,0,1,"Alabama",1,70,"Republican"
"01103","Morgan County, Alabama",41683,22773,31863,43949,53775,70432,0,1,"Alabama",1,70,"Republican"
"01115","St. Clair County, Alabama",44739,36858,40450,47871,51476,65294,0,2,"Alabama",1,70,"Republican"
"01117","Shelby County, Alabama",56283,35146,38970,48856,63873,75101,1,4,"Alabama",1,70,"Republican"
"01121","Talladega County, Alabama",39934,45109,39370,36596,54938,70174,0,1,"Alabama",1,70,"Republican"
"01125","Tuscaloosa County, Alabama",44970,35048,35132,43355,58606,75741,0,2,"Alabama",1,70,"Republican"
"02020","Anchorage Municipality, Alaska",58766,46852,42169,53340,71733,95415,1,4,"Alaska",NA,NA,"Republican"
"02090","Fairbanks North Star Borough, Alaska",54094,37182,35509,52313,66902,80448,1,4,"Alaska",NA,NA,"Republican"
"02170","Matanuska-Susitna Borough, Alaska",54075,51155,43384,53204,72394,81771,1,4,"Alaska",NA,NA,"Republican"
"04001","Apache County, Arizona",38704,27408,33899,39358,40637,78487,0,1,"Arizona",1,77,"Democratic"
"04003","Cochise County, Arizona",39727,19917,34210,39074,53894,73554,0,1,"Arizona",1,77,"Democratic"
"04005","Coconino County, Arizona",43113,24714,37244,33084,49372,59612,0,2,"Arizona",1,77,"Democratic"
"04013","Maricopa County, Arizona",51895,33618,40445,48485,66613,81014,1,3,"Arizona",1,77,"Democratic"
"04015","Mohave County, Arizona",40960,31083,32606,41958,49433,66535,0,1,"Arizona",1,77,"Democratic"
"04017","Navajo County, Arizona",38326,24731,31613,35425,53341,76105,0,1,"Arizona",1,77,"Democratic"
"04019","Pima County, Arizona",43337,30268,32063,39905,56228,72550,0,2,"Arizona",1,77,"Democratic"
"04021","Pinal County, Arizona",45591,34895,40510,46188,60138,64493,0,2,"Arizona",1,77,"Democratic"
"04025","Yavapai County, Arizona",40994,36391,40523,40327,40968,61802,0,1,"Arizona",1,77,"Democratic"
"04027","Yuma County, Arizona",37398,26600,35543,39045,55444,67299,0,1,"Arizona",1,77,"Democratic"
"05007","Benton County, Arkansas",53813,33003,43294,47469,69281,88787,1,4,"Arkansas",1,79,"Republican"
"05031","Craighead County, Arkansas",42493,34490,33574,41395,57025,63960,0,2,"Arkansas",1,79,"Republican"
"05045","Faulkner County, Arkansas",46120,33837,35757,43454,49261,67623,0,2,"Arkansas",1,79,"Republican"
"05051","Garland County, Arkansas",37162,31501,32823,34197,50135,62277,0,1,"Arkansas",1,79,"Republican"
"05069","Jefferson County, Arkansas",31672,21477,30031,26908,40122,67618,0,1,"Arkansas",1,79,"Republican"
"05085","Lonoke County, Arkansas",40713,36348,33743,39611,59116,60363,0,1,"Arkansas",1,79,"Republican"
"05119","Pulaski County, Arkansas",45797,30867,34201,40024,55798,73235,0,2,"Arkansas",1,79,"Republican"
"05125","Saline County, Arkansas",47784,36777,39251,42588,59888,77396,0,3,"Arkansas",1,79,"Republican"
"05131","Sebastian County, Arkansas",37294,31524,30589,35473,48949,71170,0,1,"Arkansas",1,79,"Republican"
"05143","Washington County, Arkansas",42504,26160,35539,38184,54634,71167,0,2,"Arkansas",1,79,"Republican"
"05145","White County, Arkansas",39248,44886,34089,37952,48498,64717,0,1,"Arkansas",1,79,"Republican"
"06001","Alameda County, California",73240,32006,40710,52100,91835,127593,1,4,"California",NA,NA,"Democratic"
"06007","Butte County, California",48563,26851,35742,36348,61478,81459,0,3,"California",NA,NA,"Democratic"
"06013","Contra Costa County, California",67425,33840,42000,54635,93010,128372,1,4,"California",NA,NA,"Democratic"
"06017","El Dorado County, California",66517,26578,46881,51782,91130,126688,1,4,"California",NA,NA,"Democratic"
"06019","Fresno County, California",42172,26380,36944,43958,60766,84088,0,1,"California",NA,NA,"Democratic"
"06023","Humboldt County, California",41181,26036,41578,34972,45880,67188,0,1,"California",NA,NA,"Democratic"
"06025","Imperial County, California",37738,26179,33662,40962,51830,90784,0,1,"California",NA,NA,"Democratic"
"06029","Kern County, California",41034,27317,37448,41205,64883,85524,0,1,"California",NA,NA,"Democratic"
"06031","Kings County, California",41971,32044,35276,41274,64977,115121,0,1,"California",NA,NA,"Democratic"
"06033","Lake County, California",41050,39504,32726,41628,48935,38750,0,1,"California",NA,NA,"Democratic"
"06037","Los Angeles County, California",47775,29708,36283,44512,69000,92256,0,3,"California",NA,NA,"Democratic"
"06039","Madera County, California",39165,27746,29750,43601,63833,85380,0,1,"California",NA,NA,"Democratic"
"06041","Marin County, California",76018,30227,34246,54651,106057,105783,1,4,"California",NA,NA,"Democratic"
"06045","Mendocino County, California",42943,25882,37884,45448,53224,77784,0,2,"California",NA,NA,"Democratic"
"06047","Merced County, California",42499,32198,43601,42307,61129,70955,0,2,"California",NA,NA,"Democratic"
"06053","Monterey County, California",43967,27263,37756,47396,67607,91460,0,2,"California",NA,NA,"Democratic"
"06055","Napa County, California",61150,35702,41845,53683,85698,101411,1,4,"California",NA,NA,"Democratic"
"06057","Nevada County, California",50757,36931,39348,42442,65498,80233,1,3,"California",NA,NA,"Democratic"
"06059","Orange County, California",55162,31694,37795,48366,78753,104074,1,4,"California",NA,NA,"Democratic"
"06061","Placer County, California",67468,33011,46300,53099,91304,105897,1,4,"California",NA,NA,"Democratic"
"06065","Riverside County, California",46588,33641,39297,46641,65977,90750,0,2,"California",NA,NA,"Democratic"
"06067","Sacramento County, California",51906,32858,40556,46076,70901,91743,1,3,"California",NA,NA,"Democratic"
"06069","San Benito County, California",52049,40842,44333,51043,82500,93157,1,3,"California",NA,NA,"Democratic"
"06071","San Bernardino County, California",45177,32216,38211,46101,62805,84531,0,2,"California",NA,NA,"Democratic"
"06073","San Diego County, California",57096,31160,39590,49416,75339,100189,1,4,"California",NA,NA,"Democratic"
"06075","San Francisco County, California",91283,31168,37013,51619,106552,137120,1,4,"California",NA,NA,"Democratic"
"06077","San Joaquin County, California",48045,30479,41031,50295,70819,92703,0,3,"California",NA,NA,"Democratic"
"06079","San Luis Obispo County, California",54828,32271,41169,50117,74108,83921,1,4,"California",NA,NA,"Democratic"
"06081","San Mateo County, California",80751,35826,46003,53498,98551,152184,1,4,"California",NA,NA,"Democratic"
"06083","Santa Barbara County, California",50215,30804,36489,47363,70634,94794,1,3,"California",NA,NA,"Democratic"
"06085","Santa Clara County, California",83873,36308,44347,57215,103089,159512,1,4,"California",NA,NA,"Democratic"
"06087","Santa Cruz County, California",54172,26072,36208,49716,74069,101583,1,4,"California",NA,NA,"Democratic"
"06089","Shasta County, California",43543,31129,37947,37365,59900,86762,0,2,"California",NA,NA,"Democratic"
"06095","Solano County, California",54453,36842,41372,51339,76183,96414,1,4,"California",NA,NA,"Democratic"
"06097","Sonoma County, California",54730,33464,41339,53548,72965,88716,1,4,"California",NA,NA,"Democratic"
"06099","Stanislaus County, California",46041,31437,40161,49123,63156,87490,0,2,"California",NA,NA,"Democratic"
"06101","Sutter County, California",43517,32031,41647,44881,63551,73194,0,2,"California",NA,NA,"Democratic"
"06103","Tehama County, California",45875,32434,44481,46927,54565,75648,0,2,"California",NA,NA,"Democratic"
"06107","Tulare County, California",37930,24406,31768,45758,65756,81117,0,1,"California",NA,NA,"Democratic"
"06111","Ventura County, California",52373,31296,40199,51090,72914,91772,1,3,"California",NA,NA,"Democratic"
"06113","Yolo County, California",53485,31714,42522,50691,65052,95895,1,4,"California",NA,NA,"Democratic"
"06115","Yuba County, California",47701,38173,37872,50255,53424,155056,0,3,"California",NA,NA,"Democratic"
"08001","Adams County, Colorado",53586,37320,46411,54158,67374,78900,1,4,"Colorado",NA,NA,"Democratic"
"08005","Arapahoe County, Colorado",56424,33640,42272,47958,71568,90593,1,4,"Colorado",NA,NA,"Democratic"
"08013","Boulder County, Colorado",62460,35024,44820,47030,68117,87460,1,4,"Colorado",NA,NA,"Democratic"
"08014","Broomfield County, Colorado",69771,22481,64604,58892,74839,90943,1,4,"Colorado",NA,NA,"Democratic"
"08031","Denver County, Colorado",62137,34733,38337,42943,77118,91695,1,4,"Colorado",NA,NA,"Democratic"
"08035","Douglas County, Colorado",78739,50277,54201,57899,85106,101093,1,4,"Colorado",NA,NA,"Democratic"
"08041","El Paso County, Colorado",50923,35354,37927,44415,61397,78155,1,3,"Colorado",NA,NA,"Democratic"
"08059","Jefferson County, Colorado",63158,33662,46061,52526,75349,89935,1,4,"Colorado",NA,NA,"Democratic"
"08069","Larimer County, Colorado",56223,36887,43989,45611,65880,75753,1,4,"Colorado",NA,NA,"Democratic"
"08077","Mesa County, Colorado",43591,34390,40752,36426,51922,61706,0,2,"Colorado",NA,NA,"Democratic"
"08101","Pueblo County, Colorado",43957,29368,40923,38785,57151,63590,0,2,"Colorado",NA,NA,"Democratic"
"08123","Weld County, Colorado",52819,31564,45406,44897,67491,84477,1,4,"Colorado",NA,NA,"Democratic"
"09110","Capitol Planning Region, Connecticut",59961,35269,40930,51582,78304,91877,1,4,"Connecticut",NA,NA,"Democratic"
"09120","Greater Bridgeport Planning Region, Connecticut",51731,34150,37535,44021,65013,97189,1,3,"Connecticut",NA,NA,"Democratic"
"09130","Lower Connecticut River Valley Planning Region, Connecticut",63358,31250,46962,51138,75037,89152,1,4,"Connecticut",NA,NA,"Democratic"
"09140","Naugatuck Valley Planning Region, Connecticut",54066,30556,44594,49243,71986,78691,1,4,"Connecticut",NA,NA,"Democratic"
"09150","Northeastern Connecticut Planning Region, Connecticut",50670,43363,44159,47092,64769,81117,1,3,"Connecticut",NA,NA,"Democratic"
"09160","Northwest Hills Planning Region, Connecticut",53809,44496,47169,45279,58553,75479,1,4,"Connecticut",NA,NA,"Democratic"
"09170","South Central Connecticut Planning Region, Connecticut",59990,28401,41600,50366,74299,89388,1,4,"Connecticut",NA,NA,"Democratic"
"09180","Southeastern Connecticut Planning Region, Connecticut",54144,30112,41282,47247,71874,80575,1,4,"Connecticut",NA,NA,"Democratic"
"09190","Western Connecticut Planning Region, Connecticut",68255,32027,38156,48022,85062,115252,1,4,"Connecticut",NA,NA,"Democratic"
"10001","Kent County, Delaware",44287,42016,39239,40455,49131,64987,0,2,"Delaware",NA,NA,"Democratic"
"10003","New Castle County, Delaware",53801,31927,40997,46909,68316,83002,1,4,"Delaware",NA,NA,"Democratic"
"10005","Sussex County, Delaware",45424,32054,35959,43641,56866,75308,0,2,"Delaware",NA,NA,"Democratic"
"11001","District of Columbia, District of Columbia",83510,26970,38599,48566,83903,113205,1,4,"District of Columbia",NA,NA,NA
"12001","Alachua County, Florida",47143,25199,32086,39001,56273,76860,0,3,"Florida",1,80,"Republican"
"12005","Bay County, Florida",42739,31340,35024,42855,49370,86176,0,2,"Florida",1,80,"Republican"
"12009","Brevard County, Florida",47904,28132,32337,41602,64882,83718,0,3,"Florida",1,80,"Republican"
"12011","Broward County, Florida",44974,26616,35198,41213,56759,73249,0,2,"Florida",1,80,"Republican"
"12015","Charlotte County, Florida",35472,25659,32296,33330,52814,63491,0,1,"Florida",1,80,"Republican"
"12017","Citrus County, Florida",32021,22010,25353,31343,46472,55853,0,1,"Florida",1,80,"Republican"
"12019","Clay County, Florida",48127,31284,38195,49212,52900,66643,0,3,"Florida",1,80,"Republican"
"12021","Collier County, Florida",44377,31014,36621,41771,56712,81375,0,2,"Florida",1,80,"Republican"
"12023","Columbia County, Florida",38561,20585,29604,43010,49727,42059,0,1,"Florida",1,80,"Republican"
"12031","Duval County, Florida",46941,30600,36632,44194,57133,75943,0,2,"Florida",1,80,"Republican"
"12033","Escambia County, Florida",41523,28212,31462,39421,54515,72304,0,1,"Florida",1,80,"Republican"
"12035","Flagler County, Florida",43084,30558,36248,42163,53988,59236,0,2,"Florida",1,80,"Republican"
"12053","Hernando County, Florida",40462,34251,34742,39065,52757,60568,0,1,"Florida",1,80,"Republican"
"12055","Highlands County, Florida",37399,31111,36210,34666,43521,70655,0,1,"Florida",1,80,"Republican"
"12057","Hillsborough County, Florida",47106,26126,33450,42729,62891,84245,0,2,"Florida",1,80,"Republican"
"12061","Indian River County, Florida",42954,41615,30328,42255,50261,66385,0,2,"Florida",1,80,"Republican"
"12069","Lake County, Florida",43520,35764,36082,43728,53470,62936,0,2,"Florida",1,80,"Republican"
"12071","Lee County, Florida",42588,31416,36159,42428,53674,66041,0,2,"Florida",1,80,"Republican"
"12073","Leon County, Florida",46999,38410,34035,40742,50558,69857,0,2,"Florida",1,80,"Republican"
"12081","Manatee County, Florida",42495,31063,34402,42246,56233,66948,0,2,"Florida",1,80,"Republican"
"12083","Marion County, Florida",36032,29689,32920,34186,47551,62178,0,1,"Florida",1,80,"Republican"
"12085","Martin County, Florida",45094,23336,35780,40901,61343,79474,0,2,"Florida",1,80,"Republican"
"12086","Miami-Dade County, Florida",41491,26929,32061,40503,53348,75307,0,1,"Florida",1,80,"Republican"
"12087","Monroe County, Florida",41320,32068,35193,43936,48324,52827,0,1,"Florida",1,80,"Republican"
"12089","Nassau County, Florida",53494,39410,55152,49888,54301,63184,1,4,"Florida",1,80,"Republican"
"12091","Okaloosa County, Florida",48083,29237,36240,46948,62417,80856,0,3,"Florida",1,80,"Republican"
"12095","Orange County, Florida",44858,25480,34456,40141,54886,75898,0,2,"Florida",1,80,"Republican"
"12097","Osceola County, Florida",38957,31588,32440,37967,44226,52055,0,1,"Florida",1,80,"Republican"
"12099","Palm Beach County, Florida",46640,26308,35427,41286,62605,83605,0,2,"Florida",1,80,"Republican"
"12101","Pasco County, Florida",48136,33318,36705,47523,63317,73627,0,3,"Florida",1,80,"Republican"
"12103","Pinellas County, Florida",47574,29226,34285,41943,61655,74380,0,3,"Florida",1,80,"Republican"
"12105","Polk County, Florida",40442,27480,33527,40249,48320,61481,0,1,"Florida",1,80,"Republican"
"12107","Putnam County, Florida",33071,27419,27075,41756,45965,110475,0,1,"Florida",1,80,"Republican"
"12109","St. Johns County, Florida",60216,28099,45814,46203,73914,91916,1,4,"Florida",1,80,"Republican"
"12111","St. Lucie County, Florida",42284,30306,32378,42009,48408,61852,0,2,"Florida",1,80,"Republican"
"12113","Santa Rosa County, Florida",48554,30271,42066,47386,60501,63497,0,3,"Florida",1,80,"Republican"
"12115","Sarasota County, Florida",44471,37320,37610,41266,58243,64273,0,2,"Florida",1,80,"Republican"
"12117","Seminole County, Florida",52154,26360,40012,46860,66176,75813,1,3,"Florida",1,80,"Republican"
"12119","Sumter County, Florida",37487,32459,32761,30644,49230,51528,0,1,"Florida",1,80,"Republican"
"12127","Volusia County, Florida",42073,27086,35893,40940,51011,69067,0,1,"Florida",1,80,"Republican"
"12131","Walton County, Florida",46946,30939,44682,41211,62668,72899,0,2,"Florida",1,80,"Republican"
"13013","Barrow County, Georgia",46981,42662,40507,50056,53800,66425,0,2,"Georgia",1,76,"Republican"
"13015","Bartow County, Georgia",47711,31145,41232,48000,63418,82279,0,3,"Georgia",1,76,"Republican"
"13021","Bibb County, Georgia",38841,19233,33040,35517,53579,72992,0,1,"Georgia",1,76,"Republican"
"13031","Bulloch County, Georgia",41289,29988,36789,36827,45152,60900,0,1,"Georgia",1,76,"Republican"
"13045","Carroll County, Georgia",42785,30394,39952,39699,62242,65904,0,2,"Georgia",1,76,"Republican"
"13047","Catoosa County, Georgia",43682,25411,37256,46484,48135,67168,0,2,"Georgia",1,76,"Republican"
"13051","Chatham County, Georgia",40028,18288,31460,39903,54346,59589,0,1,"Georgia",1,76,"Republican"
"13057","Cherokee County, Georgia",55805,30271,40457,52405,73857,82292,1,4,"Georgia",1,76,"Republican"
"13059","Clarke County, Georgia",38949,30098,30563,35563,46972,55557,0,1,"Georgia",1,76,"Republican"
"13063","Clayton County, Georgia",39371,30544,37303,39658,45997,49250,0,1,"Georgia",1,76,"Republican"
"13067","Cobb County, Georgia",58457,31419,35640,46008,73552,89859,1,4,"Georgia",1,76,"Republican"
"13073","Columbia County, Georgia",57247,30998,39128,43529,64702,85234,1,4,"Georgia",1,76,"Republican"
"13077","Coweta County, Georgia",55775,24269,45390,53858,63291,89321,1,4,"Georgia",1,76,"Republican"
"13089","DeKalb County, Georgia",50918,26483,33164,40155,65998,84558,1,3,"Georgia",1,76,"Republican"
"13095","Dougherty County, Georgia",32783,17084,24374,29554,45658,63174,0,1,"Georgia",1,76,"Republican"
"13097","Douglas County, Georgia",50722,35510,41424,51557,62666,63472,1,3,"Georgia",1,76,"Republican"
"13103","Effingham County, Georgia",52140,43060,40450,47788,64437,79754,1,3,"Georgia",1,76,"Republican"
"13113","Fayette County, Georgia",63382,28112,40569,59951,73140,98618,1,4,"Georgia",1,76,"Republican"
"13115","Floyd County, Georgia",38024,24924,30336,40179,49121,62149,0,1,"Georgia",1,76,"Republican"
"13117","Forsyth County, Georgia",75569,34478,42056,52851,91930,103708,1,4,"Georgia",1,76,"Republican"
"13121","Fulton County, Georgia",64508,27046,33499,45519,79496,99673,1,4,"Georgia",1,76,"Republican"
"13127","Glynn County, Georgia",43620,33833,34430,46706,46887,73281,0,2,"Georgia",1,76,"Republican"
"13135","Gwinnett County, Georgia",49495,31258,38106,45385,62353,79968,1,3,"Georgia",1,76,"Republican"
"13139","Hall County, Georgia",45898,37052,40792,41525,62051,71866,0,2,"Georgia",1,76,"Republican"
"13151","Henry County, Georgia",51329,40557,40663,51922,56940,75542,1,3,"Georgia",1,76,"Republican"
"13153","Houston County, Georgia",43793,29257,37453,42704,49483,70209,0,2,"Georgia",1,76,"Republican"
"13157","Jackson County, Georgia",42979,23384,40183,43515,63299,50899,0,2,"Georgia",1,76,"Republican"
"13179","Liberty County, Georgia",37842,25561,32264,35384,55436,55252,0,1,"Georgia",1,76,"Republican"
"13185","Lowndes County, Georgia",40913,27674,31808,39276,42627,62949,0,1,"Georgia",1,76,"Republican"
"13215","Muscogee County, Georgia",41491,30109,31642,32358,52373,64810,0,1,"Georgia",1,76,"Republican"
"13217","Newton County, Georgia",41972,23110,36452,40602,42428,78482,0,1,"Georgia",1,76,"Republican"
"13223","Paulding County, Georgia",50159,41452,39650,48912,65586,62141,1,3,"Georgia",1,76,"Republican"
"13245","Richmond County, Georgia",37183,23122,26168,37324,45777,71383,0,1,"Georgia",1,76,"Republican"
"13247","Rockdale County, Georgia",47980,50504,35463,35937,60352,70014,0,3,"Georgia",1,76,"Republican"
"13255","Spalding County, Georgia",38451,30401,31171,43186,58248,92248,0,1,"Georgia",1,76,"Republican"
"13285","Troup County, Georgia",40205,24898,36417,38724,50338,63971,0,1,"Georgia",1,76,"Republican"
"13295","Walker County, Georgia",39091,26880,35075,38810,52055,67837,0,1,"Georgia",1,76,"Republican"
"13297","Walton County, Georgia",50708,29828,44447,46292,71906,66894,1,3,"Georgia",1,76,"Republican"
"13313","Whitfield County, Georgia",38488,31584,31853,41459,53657,65588,0,1,"Georgia",1,76,"Republican"
"15001","Hawaii County, Hawaii",46583,22643,39540,43289,53394,67986,0,2,"Hawaii",NA,NA,"Democratic"
"15003","Honolulu County, Hawaii",52376,28095,41431,48893,63970,82648,1,3,"Hawaii",NA,NA,"Democratic"
"15007","Kauai County, Hawaii",44378,60313,40473,37456,51885,60338,0,2,"Hawaii",NA,NA,"Democratic"
"15009","Maui County, Hawaii",48631,35505,43186,43526,58532,80567,1,3,"Hawaii",NA,NA,"Democratic"
"16001","Ada County, Idaho",52732,30277,36343,44046,66403,79170,1,3,"Idaho",1,38,"Republican"
"16005","Bannock County, Idaho",42345,43571,41176,36404,50471,72939,0,2,"Idaho",1,38,"Republican"
"16019","Bonneville County, Idaho",42828,34385,34684,36941,51822,79348,0,2,"Idaho",1,38,"Republican"
"16027","Canyon County, Idaho",41022,34629,38413,40692,47106,57783,0,1,"Idaho",1,38,"Republican"
"16055","Kootenai County, Idaho",46923,25024,39608,44109,61501,82803,0,2,"Idaho",1,38,"Republican"
"16083","Twin Falls County, Idaho",42320,27234,38143,42456,51837,60455,0,2,"Idaho",1,38,"Republican"
"17019","Champaign County, Illinois",49606,21802,39213,39091,55484,66358,1,3,"Illinois",NA,NA,"Democratic"
"17031","Cook County, Illinois",53190,31838,37202,42532,70951,86819,1,4,"Illinois",NA,NA,"Democratic"
"17037","DeKalb County, Illinois",46286,33603,41126,44201,48117,75588,0,2,"Illinois",NA,NA,"Democratic"
"17043","DuPage County, Illinois",64161,31974,41960,49323,77036,95459,1,4,"Illinois",NA,NA,"Democratic"
"17089","Kane County, Illinois",53021,33294,41878,49417,73817,77749,1,4,"Illinois",NA,NA,"Democratic"
"17091","Kankakee County, Illinois",51204,36330,48016,48463,53735,71936,1,3,"Illinois",NA,NA,"Democratic"
"17093","Kendall County, Illinois",58202,39032,39525,53577,70172,74530,1,4,"Illinois",NA,NA,"Democratic"
"17097","Lake County, Illinois",58090,31084,38584,45891,80618,100205,1,4,"Illinois",NA,NA,"Democratic"
"17099","LaSalle County, Illinois",45524,32000,38377,44724,61035,67024,0,2,"Illinois",NA,NA,"Democratic"
"17111","McHenry County, Illinois",56620,32216,42103,53880,74631,88128,1,4,"Illinois",NA,NA,"Democratic"
"17113","McLean County, Illinois",53629,31181,46461,40943,65984,76850,1,4,"Illinois",NA,NA,"Democratic"
"17115","Macon County, Illinois",46751,26397,39472,46589,58005,85261,0,2,"Illinois",NA,NA,"Democratic"
"17119","Madison County, Illinois",48599,24369,35912,44020,67236,80015,1,3,"Illinois",NA,NA,"Democratic"
"17143","Peoria County, Illinois",49550,26661,37962,41483,63931,77078,1,3,"Illinois",NA,NA,"Democratic"
"17161","Rock Island County, Illinois",42169,31178,36089,40343,52952,77557,0,1,"Illinois",NA,NA,"Democratic"
"17163","St. Clair County, Illinois",44742,27268,28246,44280,56697,78512,0,2,"Illinois",NA,NA,"Democratic"
"17167","Sangamon County, Illinois",52413,31759,40659,45893,65215,79053,1,3,"Illinois",NA,NA,"Democratic"
"17179","Tazewell County, Illinois",50083,48500,40003,45947,58062,67922,1,3,"Illinois",NA,NA,"Democratic"
"17183","Vermilion County, Illinois",42408,39786,40406,46635,65804,51439,0,2,"Illinois",NA,NA,"Democratic"
"17197","Will County, Illinois",55717,35386,43490,50444,70428,88606,1,4,"Illinois",NA,NA,"Democratic"
"17199","Williamson County, Illinois",43571,34307,35176,39009,61804,62064,0,2,"Illinois",NA,NA,"Democratic"
"17201","Winnebago County, Illinois",43717,31161,36051,42067,55722,81074,0,2,"Illinois",NA,NA,"Democratic"
"18003","Allen County, Indiana",46034,31592,36515,44549,57350,70970,0,2,"Indiana",1,11,"Republican"
"18005","Bartholomew County, Indiana",50145,33904,37480,48046,68389,93293,1,3,"Indiana",1,11,"Republican"
"18011","Boone County, Indiana",63706,40936,46891,43922,76093,106779,1,4,"Indiana",1,11,"Republican"
"18019","Clark County, Indiana",48904,36157,41985,44733,62367,73976,1,3,"Indiana",1,11,"Republican"
"18035","Delaware County, Indiana",44053,32988,39210,42269,48802,81092,0,2,"Indiana",1,11,"Republican"
"18039","Elkhart County, Indiana",43881,39838,38513,46216,50029,54646,0,2,"Indiana",1,11,"Republican"
"18043","Floyd County, Indiana",53623,37324,41530,47984,72872,81010,1,4,"Indiana",1,11,"Republican"
"18053","Grant County, Indiana",40001,12238,35273,38084,46714,56269,0,1,"Indiana",1,11,"Republican"
"18057","Hamilton County, Indiana",69955,35238,43161,55472,77081,105361,1,4,"Indiana",1,11,"Republican"
"18059","Hancock County, Indiana",57338,40835,52623,48608,62043,94184,1,4,"Indiana",1,11,"Republican"
"18063","Hendricks County, Indiana",53460,45328,40217,51011,66534,95606,1,4,"Indiana",1,11,"Republican"
"18067","Howard County, Indiana",42265,10492,36436,42194,49607,57090,0,1,"Indiana",1,11,"Republican"
"18081","Johnson County, Indiana",50680,33824,37440,53575,61988,77305,1,3,"Indiana",1,11,"Republican"
"18085","Kosciusko County, Indiana",49315,30765,44936,48381,57408,75849,1,3,"Indiana",1,11,"Republican"
"18089","Lake County, Indiana",46786,36986,39106,42722,61578,65909,0,2,"Indiana",1,11,"Republican"
"18091","LaPorte County, Indiana",41911,32275,35218,41940,56964,71579,0,1,"Indiana",1,11,"Republican"
"18095","Madison County, Indiana",41822,32682,39957,41584,48022,68577,0,1,"Indiana",1,11,"Republican"
"18097","Marion County, Indiana",43792,26752,35636,41789,57116,71024,0,2,"Indiana",1,11,"Republican"
"18105","Monroe County, Indiana",49706,53237,41822,41933,48877,66047,1,3,"Indiana",1,11,"Republican"
"18109","Morgan County, Indiana",49665,30642,43121,48767,62004,80372,1,3,"Indiana",1,11,"Republican"
"18127","Porter County, Indiana",53464,22587,45063,51652,59321,77965,1,4,"Indiana",1,11,"Republican"
"18141","St. Joseph County, Indiana",42816,27461,38817,41805,48883,67545,0,2,"Indiana",1,11,"Republican"
"18157","Tippecanoe County, Indiana",45384,30239,38804,41493,50566,68192,0,2,"Indiana",1,11,"Republican"
"18163","Vanderburgh County, Indiana",43417,25273,31059,43774,52959,56535,0,2,"Indiana",1,11,"Republican"
"18167","Vigo County, Indiana",39643,12152,31361,40853,50825,75108,0,1,"Indiana",1,11,"Republican"
"18173","Warrick County, Indiana",56442,53144,35670,46485,65458,83229,1,4,"Indiana",1,11,"Republican"
"18177","Wayne County, Indiana",37766,22204,32845,39713,59888,77794,0,1,"Indiana",1,11,"Republican"
"19013","Black Hawk County, Iowa",45116,24285,31699,42822,53315,70039,0,2,"Iowa",1,76,"Republican"
"19049","Dallas County, Iowa",63346,54853,40281,52457,72182,97079,1,4,"Iowa",1,76,"Republican"
"19061","Dubuque County, Iowa",48528,31310,41169,42956,60827,65423,0,3,"Iowa",1,76,"Republican"
"19103","Johnson County, Iowa",53019,18890,31485,46116,57781,69520,1,4,"Iowa",1,76,"Republican"
"19113","Linn County, Iowa",50566,29853,37115,46411,60333,81472,1,3,"Iowa",1,76,"Republican"
"19153","Polk County, Iowa",52830,33372,41539,49332,63604,81542,1,4,"Iowa",1,76,"Republican"
"19155","Pottawattamie County, Iowa",48781,41488,45933,46234,63492,70096,1,3,"Iowa",1,76,"Republican"
"19163","Scott County, Iowa",47723,27912,32054,42249,64982,71434,0,3,"Iowa",1,76,"Republican"
"19169","Story County, Iowa",52669,35104,32241,50641,56481,68652,1,3,"Iowa",1,76,"Republican"
"19193","Woodbury County, Iowa",47339,39865,39538,45921,54428,78842,0,3,"Iowa",1,76,"Republican"
"20015","Butler County, Kansas",51013,34786,46400,46914,63120,64612,1,3,"Kansas",1,65,"Democratic"
"20045","Douglas County, Kansas",47206,28843,43841,40728,53714,61020,0,3,"Kansas",1,65,"Democratic"
"20091","Johnson County, Kansas",63495,36204,41791,48672,71767,83683,1,4,"Kansas",1,65,"Democratic"
"20103","Leavenworth County, Kansas",49661,27100,36651,46420,58582,80880,1,3,"Kansas",1,65,"Democratic"
"20161","Riley County, Kansas",43096,14552,33736,38783,51896,63423,0,2,"Kansas",1,65,"Democratic"
"20173","Sedgwick County, Kansas",44382,33835,34867,40728,54598,66094,0,2,"Kansas",1,65,"Democratic"
"20177","Shawnee County, Kansas",48647,26817,35656,46483,60344,71469,1,3,"Kansas",1,65,"Democratic"
"20209","Wyandotte County, Kansas",43314,34310,40217,43995,55153,57075,0,2,"Kansas",1,65,"Democratic"
"21015","Boone County, Kentucky",54553,30095,41391,55569,61523,82570,1,4,"Kentucky",1,6,"Democratic"
"21029","Bullitt County, Kentucky",50057,35413,38791,51528,66723,80007,1,3,"Kentucky",1,6,"Democratic"
"21037","Campbell County, Kentucky",56617,59574,39038,40561,67885,76687,1,4,"Kentucky",1,6,"Democratic"
"21047","Christian County, Kentucky",43981,21730,39196,38298,60325,57118,0,2,"Kentucky",1,6,"Democratic"
"21059","Daviess County, Kentucky",43590,27330,40630,39565,56411,73134,0,2,"Kentucky",1,6,"Democratic"
"21067","Fayette County, Kentucky",46892,23592,32083,41514,59068,71164,0,2,"Kentucky",1,6,"Democratic"
"21093","Hardin County, Kentucky",42205,19528,38103,41292,50578,76928,0,1,"Kentucky",1,6,"Democratic"
"21111","Jefferson County, Kentucky",45557,26942,35766,40069,55218,78111,0,2,"Kentucky",1,6,"Democratic"
"21117","Kenton County, Kentucky",49505,31742,39519,43216,66631,71121,1,3,"Kentucky",1,6,"Democratic"
"21145","McCracken County, Kentucky",50767,29576,30484,42423,74226,78070,1,3,"Kentucky",1,6,"Democratic"
"21151","Madison County, Kentucky",42490,27883,35944,36289,48952,59608,0,2,"Kentucky",1,6,"Democratic"
"21185","Oldham County, Kentucky",65429,18339,40445,58470,82071,93728,1,4,"Kentucky",1,6,"Democratic"
"21199","Pulaski County, Kentucky",32257,19049,31087,31916,48110,51870,0,1,"Kentucky",1,6,"Democratic"
"21227","Warren County, Kentucky",41398,31710,35710,36598,51870,73856,0,1,"Kentucky",1,6,"Democratic"
"22005","Ascension Parish, Louisiana",52450,31203,46479,52570,71516,55316,1,3,"Louisiana",1,47,"Republican"
"22015","Bossier Parish, Louisiana",47130,25186,34715,41955,57509,76262,0,3,"Louisiana",1,47,"Republican"
"22017","Caddo Parish, Louisiana",35324,23245,28131,27487,62630,67972,0,1,"Louisiana",1,47,"Republican"
"22019","Calcasieu Parish, Louisiana",48247,33475,34730,49333,51621,70450,0,3,"Louisiana",1,47,"Republican"
"22033","East Baton Rouge Parish, Louisiana",46373,28408,33482,43415,62987,67343,0,2,"Louisiana",1,47,"Republican"
"22045","Iberia Parish, Louisiana",32746,19710,32073,33785,47710,50569,0,1,"Louisiana",1,47,"Republican"
"22051","Jefferson Parish, Louisiana",45545,22469,34908,40967,60913,67074,0,2,"Louisiana",1,47,"Republican"
"22055","Lafayette Parish, Louisiana",48952,22423,40515,42387,56599,70239,1,3,"Louisiana",1,47,"Republican"
"22057","Lafourche Parish, Louisiana",45928,34798,41894,40959,60294,54368,0,2,"Louisiana",1,47,"Republican"
"22063","Livingston Parish, Louisiana",47457,36962,42554,45114,56195,53460,0,3,"Louisiana",1,47,"Republican"
"22071","Orleans Parish, Louisiana",43088,21882,27863,35966,51553,69076,0,2,"Louisiana",1,47,"Republican"
"22073","Ouachita Parish, Louisiana",38146,22038,31551,31722,58482,68325,0,1,"Louisiana",1,47,"Republican"
"22079","Rapides Parish, Louisiana",43598,25990,36126,37589,65343,62909,0,2,"Louisiana",1,47,"Republican"
"22097","St. Landry Parish, Louisiana",37142,25799,31607,35790,43988,48977,0,1,"Louisiana",1,47,"Republican"
"22103","St. Tammany Parish, Louisiana",50958,30377,34925,48102,61595,76257,1,3,"Louisiana",1,47,"Republican"
"22105","Tangipahoa Parish, Louisiana",40249,16498,34265,40128,53719,55599,0,1,"Louisiana",1,47,"Republican"
"22109","Terrebonne Parish, Louisiana",41330,26758,32031,41502,55133,65549,0,1,"Louisiana",1,47,"Republican"
"23001","Androscoggin County, Maine",44623,25765,37546,46328,51478,57747,0,2,"Maine",NA,NA,"Democratic"
"23003","Aroostook County, Maine",42271,24808,37466,41508,53946,63071,0,1,"Maine",NA,NA,"Democratic"
"23005","Cumberland County, Maine",54970,33148,42150,50968,57665,77807,1,4,"Maine",NA,NA,"Democratic"
"23011","Kennebec County, Maine",44346,40067,34972,43414,50889,72140,0,2,"Maine",NA,NA,"Democratic"
"23019","Penobscot County, Maine",42236,26868,35585,40006,55306,67983,0,1,"Maine",NA,NA,"Democratic"
"23031","York County, Maine",49112,29736,36615,46106,62899,67511,1,3,"Maine",NA,NA,"Democratic"
"24001","Allegany County, Maryland",42467,14085,32487,39461,54521,73938,0,2,"Maryland",NA,NA,"Democratic"
"24003","Anne Arundel County, Maryland",72621,33604,51162,58809,80898,103420,1,4,"Maryland",NA,NA,"Democratic"
"24005","Baltimore County, Maryland",57667,32387,41622,48385,74250,88595,1,4,"Maryland",NA,NA,"Democratic"
"24009","Calvert County, Maryland",72581,82426,55272,63323,80509,113208,1,4,"Maryland",NA,NA,"Democratic"
"24013","Carroll County, Maryland",67271,31587,43529,69541,78248,95620,1,4,"Maryland",NA,NA,"Democratic"
"24015","Cecil County, Maryland",54234,44203,47945,55038,57772,91237,1,4,"Maryland",NA,NA,"Democratic"
"24017","Charles County, Maryland",69043,32385,41039,64691,86043,95712,1,4,"Maryland",NA,NA,"Democratic"
"24021","Frederick County, Maryland",73620,45954,46413,64615,90384,107308,1,4,"Maryland",NA,NA,"Democratic"
"24025","Harford County, Maryland",62764,38632,40947,56875,81190,87758,1,4,"Maryland",NA,NA,"Democratic"
"24027","Howard County, Maryland",82389,29730,46644,51275,84368,111779,1,4,"Maryland",NA,NA,"Democratic"
"24031","Montgomery County, Maryland",70973,32303,38103,46312,81484,113174,1,4,"Maryland",NA,NA,"Democratic"
"24033","Prince George's County, Maryland",54827,35395,40225,51277,71929,93894,1,4,"Maryland",NA,NA,"Democratic"
"24037","St. Mary's County, Maryland",73643,34810,56075,57703,92170,104951,1,4,"Maryland",NA,NA,"Democratic"
"24043","Washington County, Maryland",48463,38903,38619,43410,70325,79069,0,3,"Maryland",NA,NA,"Democratic"
"24045","Wicomico County, Maryland",45104,34836,39353,35877,60152,79961,0,2,"Maryland",NA,NA,"Democratic"
"24510","Baltimore city, Maryland",48858,29739,35392,41930,64947,73375,1,3,"Maryland",NA,NA,"Democratic"
"25001","Barnstable County, Massachusetts",53773,32281,44516,41428,63287,80945,1,4,"Massachusetts",NA,NA,"Democratic"
"25003","Berkshire County, Massachusetts",49908,51175,40643,41537,53021,81411,1,3,"Massachusetts",NA,NA,"Democratic"
"25005","Bristol County, Massachusetts",54463,41930,45681,51404,69730,89299,1,4,"Massachusetts",NA,NA,"Democratic"
"25009","Essex County, Massachusetts",59071,31718,41959,50424,74450,94141,1,4,"Massachusetts",NA,NA,"Democratic"
"25011","Franklin County, Massachusetts",41164,31489,37373,37277,40612,59907,0,1,"Massachusetts",NA,NA,"Democratic"
"25013","Hampden County, Massachusetts",47250,36474,36761,42673,62584,76477,0,3,"Massachusetts",NA,NA,"Democratic"
"25015","Hampshire County, Massachusetts",56755,42551,39639,50774,60345,71497,1,4,"Massachusetts",NA,NA,"Democratic"
"25017","Middlesex County, Massachusetts",74117,33974,45103,50871,83724,104043,1,4,"Massachusetts",NA,NA,"Democratic"
"25021","Norfolk County, Massachusetts",73577,29321,47990,50608,85510,103280,1,4,"Massachusetts",NA,NA,"Democratic"
"25023","Plymouth County, Massachusetts",63210,27696,46391,57323,80675,94790,1,4,"Massachusetts",NA,NA,"Democratic"
"25025","Suffolk County, Massachusetts",62489,29222,36584,47098,80596,95165,1,4,"Massachusetts",NA,NA,"Democratic"
"25027","Worcester County, Massachusetts",57286,40926,41756,50270,72134,88520,1,4,"Massachusetts",NA,NA,"Democratic"
"26005","Allegan County, Michigan",47241,30358,40769,46466,63882,70078,0,3,"Michigan",NA,NA,"Democratic"
"26017","Bay County, Michigan",44028,40529,39716,39088,55872,76435,0,2,"Michigan",NA,NA,"Democratic"
"26021","Berrien County, Michigan",43038,27158,33537,40236,63169,65412,0,2,"Michigan",NA,NA,"Democratic"
"26025","Calhoun County, Michigan",41071,36143,36952,36213,60242,74094,0,1,"Michigan",NA,NA,"Democratic"
"26037","Clinton County, Michigan",51688,38438,30309,47007,67269,83946,1,3,"Michigan",NA,NA,"Democratic"
"26045","Eaton County, Michigan",45600,35903,36807,46039,60586,72468,0,2,"Michigan",NA,NA,"Democratic"
"26049","Genesee County, Michigan",42134,24387,35510,40233,55189,67869,0,1,"Michigan",NA,NA,"Democratic"
"26055","Grand Traverse County, Michigan",45642,28604,37317,42019,52417,65244,0,2,"Michigan",NA,NA,"Democratic"
"26065","Ingham County, Michigan",46065,26950,33393,41086,54404,69059,0,2,"Michigan",NA,NA,"Democratic"
"26067","Ionia County, Michigan",42827,52346,34482,40351,59155,73553,0,2,"Michigan",NA,NA,"Democratic"
"26075","Jackson County, Michigan",44352,31204,35805,44873,61226,72196,0,2,"Michigan",NA,NA,"Democratic"
"26077","Kalamazoo County, Michigan",50715,37641,40450,42196,58426,74302,1,3,"Michigan",NA,NA,"Democratic"
"26081","Kent County, Michigan",50841,37701,39899,42877,62415,79222,1,3,"Michigan",NA,NA,"Democratic"
"26087","Lapeer County, Michigan",50555,36436,37394,52041,71355,72188,1,3,"Michigan",NA,NA,"Democratic"
"26091","Lenawee County, Michigan",43632,37595,32368,44682,61133,66762,0,2,"Michigan",NA,NA,"Democratic"
"26093","Livingston County, Michigan",61715,39982,38439,51188,82437,81837,1,4,"Michigan",NA,NA,"Democratic"
"26099","Macomb County, Michigan",50106,31713,38898,45373,68996,78195,1,3,"Michigan",NA,NA,"Democratic"
"26103","Marquette County, Michigan",41301,22995,28125,41278,51047,62724,0,1,"Michigan",NA,NA,"Democratic"
"26111","Midland County, Michigan",52404,25035,35849,41875,71090,85617,1,3,"Michigan",NA,NA,"Democratic"
"26115","Monroe County, Michigan",47726,30568,37958,45554,67892,92196,0,3,"Michigan",NA,NA,"Democratic"
"26117","Montcalm County, Michigan",42614,44360,35830,42349,60521,72319,0,2,"Michigan",NA,NA,"Democratic"
"26121","Muskegon County, Michigan",40279,30763,36199,37148,54283,73542,0,1,"Michigan",NA,NA,"Democratic"
"26125","Oakland County, Michigan",62653,31556,37526,47338,77832,97649,1,4,"Michigan",NA,NA,"Democratic"
"26139","Ottawa County, Michigan",50066,35885,42309,43867,63332,76837,1,3,"Michigan",NA,NA,"Democratic"
"26145","Saginaw County, Michigan",42289,19346,35814,35942,66020,70018,0,2,"Michigan",NA,NA,"Democratic"
"26147","St. Clair County, Michigan",43612,35384,34264,43180,63524,60261,0,2,"Michigan",NA,NA,"Democratic"
"26155","Shiawassee County, Michigan",43099,28362,32072,41420,55464,62810,0,2,"Michigan",NA,NA,"Democratic"
"26159","Van Buren County, Michigan",41714,28750,34769,40683,57362,69344,0,1,"Michigan",NA,NA,"Democratic"
"26161","Washtenaw County, Michigan",53591,27086,35209,39952,60230,81004,1,4,"Michigan",NA,NA,"Democratic"
"26163","Wayne County, Michigan",43790,26159,32717,40563,60552,76273,0,2,"Michigan",NA,NA,"Democratic"
"27003","Anoka County, Minnesota",55327,42701,45039,53656,67404,84789,1,4,"Minnesota",NA,NA,"Democratic–Farmer–Labor"
"27013","Blue Earth County, Minnesota",47264,27148,42125,41703,52627,74177,0,3,"Minnesota",NA,NA,"Democratic–Farmer–Labor"
"27019","Carver County, Minnesota",68763,30271,43476,59563,77265,94905,1,4,"Minnesota",NA,NA,"Democratic–Farmer–Labor"
"27027","Clay County, Minnesota",49836,36514,41667,45265,61436,78569,1,3,"Minnesota",NA,NA,"Democratic–Farmer–Labor"
"27035","Crow Wing County, Minnesota",43784,19576,33246,40188,53939,77557,0,2,"Minnesota",NA,NA,"Democratic–Farmer–Labor"
"27037","Dakota County, Minnesota",61316,33441,42387,52823,75476,91714,1,4,"Minnesota",NA,NA,"Democratic–Farmer–Labor"
"27053","Hennepin County, Minnesota",61624,30815,36902,49271,74762,87548,1,4,"Minnesota",NA,NA,"Democratic–Farmer–Labor"
"27109","Olmsted County, Minnesota",60600,30408,38258,50136,68460,86431,1,4,"Minnesota",NA,NA,"Democratic–Farmer–Labor"
"27123","Ramsey County, Minnesota",51177,30457,35520,43214,62098,78220,1,3,"Minnesota",NA,NA,"Democratic–Farmer–Labor"
"27131","Rice County, Minnesota",45896,33894,26769,46834,60709,83125,0,2,"Minnesota",NA,NA,"Democratic–Farmer–Labor"
"27137","St. Louis County, Minnesota",47118,25938,32654,44429,55815,69338,0,3,"Minnesota",NA,NA,"Democratic–Farmer–Labor"
"27139","Scott County, Minnesota",65422,37742,44984,59766,84869,98384,1,4,"Minnesota",NA,NA,"Democratic–Farmer–Labor"
"27141","Sherburne County, Minnesota",61263,41021,51350,59201,72817,78761,1,4,"Minnesota",NA,NA,"Democratic–Farmer–Labor"
"27145","Stearns County, Minnesota",47754,30411,38742,44490,54329,73316,0,3,"Minnesota",NA,NA,"Democratic–Farmer–Labor"
"27163","Washington County, Minnesota",65716,36362,42962,60242,81438,90599,1,4,"Minnesota",NA,NA,"Democratic–Farmer–Labor"
"27171","Wright County, Minnesota",59103,46077,50790,52972,74995,85333,1,4,"Minnesota",NA,NA,"Democratic–Farmer–Labor"
"28033","DeSoto County, Mississippi",50044,31477,42161,45645,75080,71012,1,3,"Mississippi",1,69,"Republican"
"28035","Forrest County, Mississippi",40059,31553,33598,33081,47746,51469,0,1,"Mississippi",1,69,"Republican"
"28047","Harrison County, Mississippi",41206,30739,33822,40603,50808,72561,0,1,"Mississippi",1,69,"Republican"
"28049","Hinds County, Mississippi",37267,16965,30515,32451,50793,55204,0,1,"Mississippi",1,69,"Republican"
"28059","Jackson County, Mississippi",40681,31115,34843,33860,50328,61887,0,1,"Mississippi",1,69,"Republican"
"28067","Jones County, Mississippi",35774,22496,33862,34220,42495,61965,0,1,"Mississippi",1,69,"Republican"
"28073","Lamar County, Mississippi",43342,42881,26274,37000,52426,58184,0,2,"Mississippi",1,69,"Republican"
"28075","Lauderdale County, Mississippi",40580,9802,37578,39476,45684,57136,0,1,"Mississippi",1,69,"Republican"
"28081","Lee County, Mississippi",39489,19766,36981,39197,42942,56799,0,1,"Mississippi",1,69,"Republican"
"28089","Madison County, Mississippi",52633,21163,33736,46620,61001,77301,1,3,"Mississippi",1,69,"Republican"
"28121","Rankin County, Mississippi",49253,31186,39705,44187,59631,56366,1,3,"Mississippi",1,69,"Republican"
"29019","Boone County, Missouri",47898,45185,35368,39227,53021,59790,0,3,"Missouri",NA,NA,"Republican"
"29021","Buchanan County, Missouri",40943,30139,35895,37138,47311,74924,0,1,"Missouri",NA,NA,"Republican"
"29031","Cape Girardeau County, Missouri",41038,29310,28317,38164,56330,53011,0,1,"Missouri",NA,NA,"Republican"
"29037","Cass County, Missouri",49172,21617,38701,51914,53890,65997,1,3,"Missouri",NA,NA,"Republican"
"29043","Christian County, Missouri",46006,13424,42063,42224,52686,66778,0,2,"Missouri",NA,NA,"Republican"
"29047","Clay County, Missouri",52812,31702,43674,50194,64168,72201,1,4,"Missouri",NA,NA,"Republican"
"29051","Cole County, Missouri",43465,26904,35919,40644,49594,62967,0,2,"Missouri",NA,NA,"Republican"
"29071","Franklin County, Missouri",46409,25994,43324,47787,56342,59443,0,2,"Missouri",NA,NA,"Republican"
"29077","Greene County, Missouri",40925,27031,34072,36704,51633,58518,0,1,"Missouri",NA,NA,"Republican"
"29095","Jackson County, Missouri",47718,28018,37618,44020,59553,71103,0,3,"Missouri",NA,NA,"Republican"
"29097","Jasper County, Missouri",39995,24627,32279,43526,43749,55781,0,1,"Missouri",NA,NA,"Republican"
"29099","Jefferson County, Missouri",48930,31035,41885,47638,59293,74288,1,3,"Missouri",NA,NA,"Republican"
"29165","Platte County, Missouri",52540,30464,36758,48175,62217,71565,1,3,"Missouri",NA,NA,"Republican"
"29183","St. Charles County, Missouri",58334,35364,41641,52341,72954,80482,1,4,"Missouri",NA,NA,"Republican"
"29187","St. Francois County, Missouri",36986,24525,31573,36358,42415,63689,0,1,"Missouri",NA,NA,"Republican"
"29189","St. Louis County, Missouri",53913,31134,33612,42346,67631,87512,1,4,"Missouri",NA,NA,"Republican"
"29510","St. Louis city, Missouri",45369,26215,31911,38417,55418,74082,0,2,"Missouri",NA,NA,"Republican"
"30013","Cascade County, Montana",43380,27941,34085,41748,54985,66443,0,2,"Montana",NA,NA,"Republican"
"30029","Flathead County, Montana",41149,31537,33237,36877,52008,73845,0,1,"Montana",NA,NA,"Republican"
"30031","Gallatin County, Montana",52670,29714,41746,50525,58445,67086,1,3,"Montana",NA,NA,"Republican"
"30049","Lewis and Clark County, Montana",52050,37133,35655,45279,61686,73083,1,3,"Montana",NA,NA,"Republican"
"30063","Missoula County, Montana",45052,23430,37296,39506,45277,70089,0,2,"Montana",NA,NA,"Republican"
"30111","Yellowstone County, Montana",47030,33974,37231,43968,52447,69431,0,2,"Montana",NA,NA,"Republican"
"31055","Douglas County, Nebraska",52133,31743,37018,44581,62869,79943,1,3,"Nebraska",1,77,"Republican"
"31109","Lancaster County, Nebraska",49349,32494,38198,43738,59939,66025,1,3,"Nebraska",1,77,"Republican"
"31153","Sarpy County, Nebraska",60375,29148,41303,55416,70546,81397,1,4,"Nebraska",1,77,"Republican"
"32003","Clark County, Nevada",43170,34596,37200,42405,58702,74452,0,2,"Nevada",1,71,"Republican"
"32031","Washoe County, Nevada",47645,37193,36794,47312,62036,79204,0,3,"Nevada",1,71,"Republican"
"33005","Cheshire County, New Hampshire",49511,45700,41751,48814,50963,77614,1,3,"New Hampshire",NA,NA,"Republican"
"33009","Grafton County, New Hampshire",46638,40714,34595,37997,56167,81733,0,2,"New Hampshire",NA,NA,"Republican"
"33011","Hillsborough County, New Hampshire",58654,38868,45456,48817,69693,86461,1,4,"New Hampshire",NA,NA,"Republican"
"33013","Merrimack County, New Hampshire",52985,43016,36714,47103,60496,79910,1,4,"New Hampshire",NA,NA,"Republican"
"33015","Rockingham County, New Hampshire",66734,40415,49925,56374,81627,89024,1,4,"New Hampshire",NA,NA,"Republican"
"33017","Strafford County, New Hampshire",55856,26691,41861,51284,66956,84191,1,4,"New Hampshire",NA,NA,"Republican"
"34001","Atlantic County, New Jersey",47238,32208,36753,40670,62751,83227,0,3,"New Jersey",NA,NA,"Democratic"
"34003","Bergen County, New Jersey",67192,33256,40911,55159,83268,103567,1,4,"New Jersey",NA,NA,"Democratic"
"34005","Burlington County, New Jersey",60760,37254,40702,52507,73730,89014,1,4,"New Jersey",NA,NA,"Democratic"
"34007","Camden County, New Jersey",53783,31574,39117,48931,73086,94141,1,4,"New Jersey",NA,NA,"Democratic"
"34009","Cape May County, New Jersey",51959,24403,46993,48971,63550,98754,1,3,"New Jersey",NA,NA,"Democratic"
"34011","Cumberland County, New Jersey",41654,25599,37386,48122,51544,77755,0,1,"New Jersey",NA,NA,"Democratic"
"34013","Essex County, New Jersey",51764,31958,32469,41901,71890,102539,1,3,"New Jersey",NA,NA,"Democratic"
"34015","Gloucester County, New Jersey",61881,31781,43804,56607,74836,86361,1,4,"New Jersey",NA,NA,"Democratic"
"34017","Hudson County, New Jersey",60940,29582,37523,42827,80452,104664,1,4,"New Jersey",NA,NA,"Democratic"
"34019","Hunterdon County, New Jersey",76940,36534,46278,70687,79991,106170,1,4,"New Jersey",NA,NA,"Democratic"
"34021","Mercer County, New Jersey",58739,32165,37254,47950,71538,97417,1,4,"New Jersey",NA,NA,"Democratic"
"34023","Middlesex County, New Jersey",60760,33703,41249,51105,77272,95116,1,4,"New Jersey",NA,NA,"Democratic"
"34025","Monmouth County, New Jersey",73306,36148,40921,53467,91866,100161,1,4,"New Jersey",NA,NA,"Democratic"
"34027","Morris County, New Jersey",74634,32318,44650,58576,85896,105596,1,4,"New Jersey",NA,NA,"Democratic"
"34029","Ocean County, New Jersey",52599,40418,41033,50626,64152,75183,1,3,"New Jersey",NA,NA,"Democratic"
"34031","Passaic County, New Jersey",48395,30969,37725,46864,67466,86287,0,3,"New Jersey",NA,NA,"Democratic"
"34033","Salem County, New Jersey",51932,33520,45215,60218,68815,68072,1,3,"New Jersey",NA,NA,"Democratic"
"34035","Somerset County, New Jersey",76906,31760,41700,54012,86718,112171,1,4,"New Jersey",NA,NA,"Democratic"
"34037","Sussex County, New Jersey",64283,39233,46955,56546,77238,101604,1,4,"New Jersey",NA,NA,"Democratic"
"34039","Union County, New Jersey",55767,32209,41155,51950,80269,103786,1,4,"New Jersey",NA,NA,"Democratic"
"34041","Warren County, New Jersey",53912,30659,50174,44711,65588,76518,1,4,"New Jersey",NA,NA,"Democratic"
"35001","Bernalillo County, New Mexico",45580,26283,34159,39830,57008,76454,0,2,"New Mexico",NA,NA,"Democratic"
"35013","Doña Ana County, New Mexico",37840,23594,31768,35874,52859,65241,0,1,"New Mexico",NA,NA,"Democratic"
"35025","Lea County, New Mexico",41669,32278,42940,48546,53772,41498,0,1,"New Mexico",NA,NA,"Democratic"
"35031","McKinley County, New Mexico",33639,20093,28364,34746,52297,68345,0,1,"New Mexico",NA,NA,"Democratic"
"35035","Otero County, New Mexico",41899,21968,30239,42763,61507,68239,0,1,"New Mexico",NA,NA,"Democratic"
"35043","Sandoval County, New Mexico",46958,31045,32079,41355,62392,76679,0,2,"New Mexico",NA,NA,"Democratic"
"35045","San Juan County, New Mexico",34531,21480,22794,37069,52376,73141,0,1,"New Mexico",NA,NA,"Democratic"
"35049","Santa Fe County, New Mexico",42474,31696,33776,41132,51206,77131,0,2,"New Mexico",NA,NA,"Democratic"
"35061","Valencia County, New Mexico",37189,20990,35965,33155,52449,77418,0,1,"New Mexico",NA,NA,"Democratic"
"36001","Albany County, New York",60451,24546,41997,52295,66873,86865,1,4,"New York",NA,NA,"Democratic"
"36005","Bronx County, New York",39268,26197,34319,40497,52700,66989,0,1,"New York",NA,NA,"Democratic"
"36007","Broome County, New York",42556,22884,32132,40315,53031,66813,0,2,"New York",NA,NA,"Democratic"
"36009","Cattaraugus County, New York",40572,36119,32737,39742,49149,53904,0,1,"New York",NA,NA,"Democratic"
"36011","Cayuga County, New York",47701,33365,39378,41804,61479,68277,0,3,"New York",NA,NA,"Democratic"
"36013","Chautauqua County, New York",41408,40331,32457,37175,46588,68571,0,1,"New York",NA,NA,"Democratic"
"36015","Chemung County, New York",41064,18105,31697,40124,63868,60329,0,1,"New York",NA,NA,"Democratic"
"36019","Clinton County, New York",51573,24817,42052,49257,63665,70331,1,3,"New York",NA,NA,"Democratic"
"36027","Dutchess County, New York",57541,34512,44838,46343,67013,94553,1,4,"New York",NA,NA,"Democratic"
"36029","Erie County, New York",50952,28470,37165,45464,61689,73369,1,3,"New York",NA,NA,"Democratic"
"36045","Jefferson County, New York",41041,24984,35218,37345,60024,74965,0,1,"New York",NA,NA,"Democratic"
"36047","Kings County, New York",53545,25821,36304,43700,75471,87237,1,4,"New York",NA,NA,"Democratic"
"36053","Madison County, New York",44130,24920,36246,41724,55964,84792,0,2,"New York",NA,NA,"Democratic"
"36055","Monroe County, New York",49886,28647,33460,41345,62533,75647,1,3,"New York",NA,NA,"Democratic"
"36059","Nassau County, New York",70413,35433,44052,57250,85569,102110,1,4,"New York",NA,NA,"Democratic"
"36061","New York County, New York",80812,26556,31525,47400,95132,116631,1,4,"New York",NA,NA,"Democratic"
"36063","Niagara County, New York",47923,23082,34838,44134,61529,77065,0,3,"New York",NA,NA,"Democratic"
"36065","Oneida County, New York",49179,34051,33877,44807,62377,72576,1,3,"New York",NA,NA,"Democratic"
"36067","Onondaga County, New York",52686,31925,36358,45875,61904,73217,1,3,"New York",NA,NA,"Democratic"
"36069","Ontario County, New York",52082,26306,39452,44181,66487,78897,1,3,"New York",NA,NA,"Democratic"
"36071","Orange County, New York",54010,31820,38146,52860,80510,91662,1,4,"New York",NA,NA,"Democratic"
"36075","Oswego County, New York",43015,28573,33768,44745,54241,75141,0,2,"New York",NA,NA,"Democratic"
"36079","Putnam County, New York",66673,31548,53024,53872,85758,87268,1,4,"New York",NA,NA,"Democratic"
"36081","Queens County, New York",49028,30064,35766,44000,65216,85161,1,3,"New York",NA,NA,"Democratic"
"36083","Rensselaer County, New York",58245,30339,46357,52095,73504,76933,1,4,"New York",NA,NA,"Democratic"
"36085","Richmond County, New York",58121,28304,40448,56651,66432,86863,1,4,"New York",NA,NA,"Democratic"
"36087","Rockland County, New York",60529,26059,30165,53536,82572,96798,1,4,"New York",NA,NA,"Democratic"
"36089","St. Lawrence County, New York",40737,22374,33871,41068,58875,66024,0,1,"New York",NA,NA,"Democratic"
"36091","Saratoga County, New York",60352,30360,41031,48311,76285,83529,1,4,"New York",NA,NA,"Democratic"
"36093","Schenectady County, New York",53037,30667,36855,50296,60226,83345,1,4,"New York",NA,NA,"Democratic"
"36101","Steuben County, New York",43959,41009,36764,41337,66589,69602,0,2,"New York",NA,NA,"Democratic"
"36103","Suffolk County, New York",62419,35184,47472,56673,76843,100005,1,4,"New York",NA,NA,"Democratic"
"36105","Sullivan County, New York",42973,31239,41163,33000,56659,85577,0,2,"New York",NA,NA,"Democratic"
"36109","Tompkins County, New York",52778,29205,38525,39954,51964,76267,1,4,"New York",NA,NA,"Democratic"
"36111","Ulster County, New York",51821,30719,40755,50268,57785,81679,1,3,"New York",NA,NA,"Democratic"
"36113","Warren County, New York",48269,25122,40559,41660,59870,76909,0,3,"New York",NA,NA,"Democratic"
"36117","Wayne County, New York",44202,35718,40963,38158,60199,60111,0,2,"New York",NA,NA,"Democratic"
"36119","Westchester County, New York",67995,34820,41093,52484,81488,110222,1,4,"New York",NA,NA,"Democratic"
"37001","Alamance County, North Carolina",40329,30238,32054,39223,47619,63346,0,1,"North Carolina",1,76,"Democratic"
"37019","Brunswick County, North Carolina",45486,15125,31729,44294,59444,69935,0,2,"North Carolina",1,76,"Democratic"
"37021","Buncombe County, North Carolina",41912,26963,31239,37835,51831,60361,0,1,"North Carolina",1,76,"Democratic"
"37023","Burke County, North Carolina",42571,28626,36267,43095,50613,58270,0,2,"North Carolina",1,76,"Democratic"
"37025","Cabarrus County, North Carolina",51948,35804,40601,40649,59854,110441,1,3,"North Carolina",1,76,"Democratic"
"37027","Caldwell County, North Carolina",38170,41005,30052,32479,44616,51224,0,1,"North Carolina",1,76,"Democratic"
"37031","Carteret County, North Carolina",45677,25722,27214,45083,52367,79429,0,2,"North Carolina",1,76,"Democratic"
"37035","Catawba County, North Carolina",41242,35313,35227,40254,56292,63380,0,1,"North Carolina",1,76,"Democratic"
"37037","Chatham County, North Carolina",52676,33128,43620,44352,69590,77199,1,3,"North Carolina",1,76,"Democratic"
"37045","Cleveland County, North Carolina",36153,31199,29793,37620,48475,56320,0,1,"North Carolina",1,76,"Democratic"
"37049","Craven County, North Carolina",41863,27086,33549,37799,58111,77916,0,1,"North Carolina",1,76,"Democratic"
"37051","Cumberland County, North Carolina",41072,28435,31904,39367,50109,59773,0,1,"North Carolina",1,76,"Democratic"
"37057","Davidson County, North Carolina",46097,26866,43193,43831,54622,80907,0,2,"North Carolina",1,76,"Democratic"
"37063","Durham County, North Carolina",52393,26288,31941,44338,60686,74530,1,3,"North Carolina",1,76,"Democratic"
"37067","Forsyth County, North Carolina",43778,30490,36196,38351,56495,77597,0,2,"North Carolina",1,76,"Democratic"
"37069","Franklin County, North Carolina",44958,25496,34655,46164,52045,90912,0,2,"North Carolina",1,76,"Democratic"
"37071","Gaston County, North Carolina",45404,33758,38789,42045,59128,65855,0,2,"North Carolina",1,76,"Democratic"
"37081","Guilford County, North Carolina",43842,23142,32225,40156,52554,69261,0,2,"North Carolina",1,76,"Democratic"
"37085","Harnett County, North Carolina",43284,39495,32428,42364,52305,57669,0,2,"North Carolina",1,76,"Democratic"
"37089","Henderson County, North Carolina",39436,27231,31790,45647,45018,55140,0,1,"North Carolina",1,76,"Democratic"
"37097","Iredell County, North Carolina",44125,29907,32749,42888,61918,76023,0,2,"North Carolina",1,76,"Democratic"
"37101","Johnston County, North Carolina",50642,35416,40838,48026,62893,62421,1,3,"North Carolina",1,76,"Democratic"
"37105","Lee County, North Carolina",42584,26822,35797,41448,60227,70283,0,2,"North Carolina",1,76,"Democratic"
"37109","Lincoln County, North Carolina",50211,40902,34376,48319,63696,96377,1,3,"North Carolina",1,76,"Democratic"
"37119","Mecklenburg County, North Carolina",54031,30213,35538,45972,69788,92671,1,4,"North Carolina",1,76,"Democratic"
"37125","Moore County, North Carolina",50545,29006,44413,41340,53945,81747,1,3,"North Carolina",1,76,"Democratic"
"37127","Nash County, North Carolina",41439,26437,37674,40389,50990,61827,0,1,"North Carolina",1,76,"Democratic"
"37129","New Hanover County, North Carolina",47388,26810,33030,40917,60546,77117,0,3,"North Carolina",1,76,"Democratic"
"37133","Onslow County, North Carolina",46649,34407,35032,40144,63836,66836,0,2,"North Carolina",1,76,"Democratic"
"37135","Orange County, North Carolina",58129,20965,41036,41321,57125,82605,1,4,"North Carolina",1,76,"Democratic"
"37141","Pender County, North Carolina",47766,29130,44131,42480,58541,76741,0,3,"North Carolina",1,76,"Democratic"
"37147","Pitt County, North Carolina",45636,30247,36435,41462,50478,61512,0,2,"North Carolina",1,76,"Democratic"
"37151","Randolph County, North Carolina",37419,31029,35877,37240,45629,75085,0,1,"North Carolina",1,76,"Democratic"
"37155","Robeson County, North Carolina",34168,31287,30878,31386,45787,60688,0,1,"North Carolina",1,76,"Democratic"
"37157","Rockingham County, North Carolina",40012,30088,32648,44018,47055,58270,0,1,"North Carolina",1,76,"Democratic"
"37159","Rowan County, North Carolina",40664,30114,35911,40475,57215,61906,0,1,"North Carolina",1,76,"Democratic"
"37171","Surry County, North Carolina",35062,30471,25840,37098,45860,61105,0,1,"North Carolina",1,76,"Democratic"
"37179","Union County, North Carolina",52894,35130,42349,48114,66971,97713,1,4,"North Carolina",1,76,"Democratic"
"37183","Wake County, North Carolina",60307,33253,38001,44966,73932,94345,1,4,"North Carolina",1,76,"Democratic"
"37191","Wayne County, North Carolina",37260,31355,35209,31376,52100,68304,0,1,"North Carolina",1,76,"Democratic"
"37193","Wilkes County, North Carolina",33180,33292,30789,32319,39931,56318,0,1,"North Carolina",1,76,"Democratic"
"37195","Wilson County, North Carolina",39238,21963,33492,42596,47420,56688,0,1,"North Carolina",1,76,"Democratic"
"38015","Burleigh County, North Dakota",52422,40834,39619,45870,63871,69617,1,3,"North Dakota",1,76,"Republican"
"38017","Cass County, North Dakota",51756,29691,32307,46065,60884,74426,1,3,"North Dakota",1,76,"Republican"
"38035","Grand Forks County, North Dakota",47461,42320,40294,41211,51320,67948,0,3,"North Dakota",1,76,"Republican"
"38101","Ward County, North Dakota",51078,57933,46856,47976,52821,90256,1,3,"North Dakota",1,76,"Republican"
"39003","Allen County, Ohio",41949,24918,36534,41351,60556,64519,0,1,"Ohio",NA,NA,"Republican"
"39007","Ashtabula County, Ohio",39867,30364,35006,38444,55776,72920,0,1,"Ohio",NA,NA,"Republican"
"39013","Belmont County, Ohio",34419,17914,25059,39563,40477,66394,0,1,"Ohio",NA,NA,"Republican"
"39017","Butler County, Ohio",51395,26406,39126,46156,67579,85594,1,3,"Ohio",NA,NA,"Republican"
"39023","Clark County, Ohio",41356,32188,35702,42224,54932,79544,0,1,"Ohio",NA,NA,"Republican"
"39025","Clermont County, Ohio",51261,30323,36287,51088,66776,83579,1,3,"Ohio",NA,NA,"Republican"
"39029","Columbiana County, Ohio",36356,32295,33327,36627,53096,52976,0,1,"Ohio",NA,NA,"Republican"
"39035","Cuyahoga County, Ohio",48465,26004,34570,41471,61611,75314,0,3,"Ohio",NA,NA,"Republican"
"39041","Delaware County, Ohio",75687,31771,40927,58253,98807,105220,1,4,"Ohio",NA,NA,"Republican"
"39043","Erie County, Ohio",44331,38662,41059,39687,58002,74750,0,2,"Ohio",NA,NA,"Republican"
"39045","Fairfield County, Ohio",51894,41626,39789,47680,65888,88169,1,3,"Ohio",NA,NA,"Republican"
"39049","Franklin County, Ohio",50922,30276,36924,42522,64901,79627,1,3,"Ohio",NA,NA,"Republican"
"39055","Geauga County, Ohio",59814,41250,45120,51492,67500,92365,1,4,"Ohio",NA,NA,"Republican"
"39057","Greene County, Ohio",53664,50383,40684,45735,70676,88606,1,4,"Ohio",NA,NA,"Republican"
"39061","Hamilton County, Ohio",50220,30498,32078,42398,65699,78862,1,3,"Ohio",NA,NA,"Republican"
"39063","Hancock County, Ohio",51020,55394,38024,44735,56714,82038,1,3,"Ohio",NA,NA,"Republican"
"39085","Lake County, Ohio",51668,31101,40822,46498,67167,85619,1,3,"Ohio",NA,NA,"Republican"
"39089","Licking County, Ohio",50570,35794,40523,46882,70070,75162,1,3,"Ohio",NA,NA,"Republican"
"39093","Lorain County, Ohio",46032,27359,35331,43220,63667,90782,0,2,"Ohio",NA,NA,"Republican"
"39095","Lucas County, Ohio",44138,27242,32577,41441,58219,71446,0,2,"Ohio",NA,NA,"Republican"
"39099","Mahoning County, Ohio",40359,20429,31783,37452,55280,66606,0,1,"Ohio",NA,NA,"Republican"
"39101","Marion County, Ohio",45249,11685,39410,45093,61061,73948,0,2,"Ohio",NA,NA,"Republican"
"39103","Medina County, Ohio",53820,41658,40822,48604,64365,90979,1,4,"Ohio",NA,NA,"Republican"
"39109","Miami County, Ohio",50772,21029,41013,48765,73367,79345,1,3,"Ohio",NA,NA,"Republican"
"39113","Montgomery County, Ohio",45602,31942,35618,40573,57145,81589,0,2,"Ohio",NA,NA,"Republican"
"39119","Muskingum County, Ohio",43033,25595,38399,41889,60500,67546,0,2,"Ohio",NA,NA,"Republican"
"39133","Portage County, Ohio",48802,44133,41020,41879,55068,72147,1,3,"Ohio",NA,NA,"Republican"
"39139","Richland County, Ohio",41369,34964,35987,41744,53947,69530,0,1,"Ohio",NA,NA,"Republican"
"39141","Ross County, Ohio",43564,17276,38107,43463,49974,63758,0,2,"Ohio",NA,NA,"Republican"
"39145","Scioto County, Ohio",37226,54268,31964,32500,55710,74905,0,1,"Ohio",NA,NA,"Republican"
"39151","Stark County, Ohio",42843,31630,35065,41716,60538,72850,0,2,"Ohio",NA,NA,"Republican"
"39153","Summit County, Ohio",47007,24646,36388,41938,61178,76496,0,2,"Ohio",NA,NA,"Republican"
"39155","Trumbull County, Ohio",40472,28239,38817,39034,44678,68967,0,1,"Ohio",NA,NA,"Republican"
"39157","Tuscarawas County, Ohio",41076,30553,36770,38312,52680,73656,0,1,"Ohio",NA,NA,"Republican"
"39159","Union County, Ohio",61240,32949,40437,42115,78696,81301,1,4,"Ohio",NA,NA,"Republican"
"39165","Warren County, Ohio",62523,26851,44544,52436,72635,93899,1,4,"Ohio",NA,NA,"Republican"
"39169","Wayne County, Ohio",44885,34723,39115,45359,54752,65514,0,2,"Ohio",NA,NA,"Republican"
"39173","Wood County, Ohio",48771,31643,39472,45318,60612,69521,1,3,"Ohio",NA,NA,"Republican"
"40017","Canadian County, Oklahoma",47797,34876,39305,45000,52520,66596,0,3,"Oklahoma",1,22,"Republican"
"40027","Cleveland County, Oklahoma",46460,32775,37761,40224,57515,73028,0,2,"Oklahoma",1,22,"Republican"
"40031","Comanche County, Oklahoma",39560,25036,31361,40484,50337,69214,0,1,"Oklahoma",1,22,"Republican"
"40037","Creek County, Oklahoma",43965,28900,40825,36938,62612,64282,0,2,"Oklahoma",1,22,"Republican"
"40101","Muskogee County, Oklahoma",39117,33080,31646,38225,42312,72448,0,1,"Oklahoma",1,22,"Republican"
"40109","Oklahoma County, Oklahoma",44259,31009,33692,41375,58072,73609,0,2,"Oklahoma",1,22,"Republican"
"40119","Payne County, Oklahoma",38949,27035,28573,37908,42896,55608,0,1,"Oklahoma",1,22,"Republican"
"40125","Pottawatomie County, Oklahoma",36768,29346,31595,32850,48570,63458,0,1,"Oklahoma",1,22,"Republican"
"40131","Rogers County, Oklahoma",45249,29537,36175,42392,57069,73537,0,2,"Oklahoma",1,22,"Republican"
"40143","Tulsa County, Oklahoma",44233,29359,35581,41396,56331,75297,0,2,"Oklahoma",1,22,"Republican"
"40145","Wagoner County, Oklahoma",48153,34901,37116,48157,57305,73060,0,3,"Oklahoma",1,22,"Republican"
"41003","Benton County, Oregon",49033,39035,26037,37500,52002,72700,1,3,"Oregon",NA,NA,"Democratic"
"41005","Clackamas County, Oregon",56975,37858,42967,49020,72076,84490,1,4,"Oregon",NA,NA,"Democratic"
"41017","Deschutes County, Oregon",51014,31447,36822,47513,58837,77018,1,3,"Oregon",NA,NA,"Democratic"
"41019","Douglas County, Oregon",38653,39375,32514,35430,43479,70356,0,1,"Oregon",NA,NA,"Democratic"
"41029","Jackson County, Oregon",41701,30837,38201,37710,46215,82179,0,1,"Oregon",NA,NA,"Democratic"
"41033","Josephine County, Oregon",35304,25068,32365,33172,48975,61883,0,1,"Oregon",NA,NA,"Democratic"
"41035","Klamath County, Oregon",39164,26242,28361,38029,47205,69380,0,1,"Oregon",NA,NA,"Democratic"
"41039","Lane County, Oregon",42215,27245,33847,40962,50724,62378,0,1,"Oregon",NA,NA,"Democratic"
"41043","Linn County, Oregon",43100,31315,35756,42359,54191,75939,0,2,"Oregon",NA,NA,"Democratic"
"41047","Marion County, Oregon",41377,26821,36624,40840,59704,75657,0,1,"Oregon",NA,NA,"Democratic"
"41051","Multnomah County, Oregon",52692,31656,37140,42917,65361,83055,1,3,"Oregon",NA,NA,"Democratic"
"41053","Polk County, Oregon",50309,31327,46959,38774,67447,76121,1,3,"Oregon",NA,NA,"Democratic"
"41059","Umatilla County, Oregon",45849,36445,42796,48342,50125,88661,0,2,"Oregon",NA,NA,"Democratic"
"41067","Washington County, Oregon",60327,35772,42206,50216,76989,101337,1,4,"Oregon",NA,NA,"Democratic"
"41071","Yamhill County, Oregon",45021,27151,36905,46502,62973,64826,0,2,"Oregon",NA,NA,"Democratic"
"42001","Adams County, Pennsylvania",47852,36271,42145,44554,61925,71881,0,3,"Pennsylvania",NA,NA,"Democratic"
"42003","Allegheny County, Pennsylvania",53323,26224,36442,43200,63044,80703,1,4,"Pennsylvania",NA,NA,"Democratic"
"42005","Armstrong County, Pennsylvania",42185,33564,35530,41207,60556,67452,0,1,"Pennsylvania",NA,NA,"Democratic"
"42007","Beaver County, Pennsylvania",47558,21991,40177,44175,53702,81203,0,3,"Pennsylvania",NA,NA,"Democratic"
"42011","Berks County, Pennsylvania",48941,32216,41149,48996,60996,78144,1,3,"Pennsylvania",NA,NA,"Democratic"
"42013","Blair County, Pennsylvania",43361,40645,38374,38523,52301,62750,0,2,"Pennsylvania",NA,NA,"Democratic"
"42017","Bucks County, Pennsylvania",65059,40052,42952,53826,81934,100660,1,4,"Pennsylvania",NA,NA,"Democratic"
"42019","Butler County, Pennsylvania",53624,35000,36776,47481,78630,80043,1,4,"Pennsylvania",NA,NA,"Democratic"
"42021","Cambria County, Pennsylvania",42313,14918,37280,36731,53229,66511,0,2,"Pennsylvania",NA,NA,"Democratic"
"42025","Carbon County, Pennsylvania",42043,45474,35769,42756,55503,77372,0,1,"Pennsylvania",NA,NA,"Democratic"
"42027","Centre County, Pennsylvania",46157,36178,35786,43993,56403,61603,0,2,"Pennsylvania",NA,NA,"Democratic"
"42029","Chester County, Pennsylvania",71669,39500,40111,52385,86722,100399,1,4,"Pennsylvania",NA,NA,"Democratic"
"42033","Clearfield County, Pennsylvania",42868,31875,33665,43306,52467,76198,0,2,"Pennsylvania",NA,NA,"Democratic"
"42039","Crawford County, Pennsylvania",40570,32000,33073,39428,50571,68103,0,1,"Pennsylvania",NA,NA,"Democratic"
"42041","Cumberland County, Pennsylvania",55374,31648,40835,47211,68918,80410,1,4,"Pennsylvania",NA,NA,"Democratic"
"42043","Dauphin County, Pennsylvania",49888,31827,38040,46722,59155,72100,1,3,"Pennsylvania",NA,NA,"Democratic"
"42045","Delaware County, Pennsylvania",54337,28045,39501,45516,74912,88561,1,4,"Pennsylvania",NA,NA,"Democratic"
"42049","Erie County, Pennsylvania",42625,26368,34364,37068,53366,66743,0,2,"Pennsylvania",NA,NA,"Democratic"
"42051","Fayette County, Pennsylvania",43032,29254,37159,41505,57286,64706,0,2,"Pennsylvania",NA,NA,"Democratic"
"42055","Franklin County, Pennsylvania",49731,40378,45121,44189,65575,80396,1,3,"Pennsylvania",NA,NA,"Democratic"
"42063","Indiana County, Pennsylvania",40754,34658,34276,39549,47064,63507,0,1,"Pennsylvania",NA,NA,"Democratic"
"42069","Lackawanna County, Pennsylvania",46075,31505,33760,43117,58636,78754,0,2,"Pennsylvania",NA,NA,"Democratic"
"42071","Lancaster County, Pennsylvania",51620,46176,41836,46141,63046,78498,1,3,"Pennsylvania",NA,NA,"Democratic"
"42073","Lawrence County, Pennsylvania",42139,26875,36157,40573,59044,82152,0,1,"Pennsylvania",NA,NA,"Democratic"
"42075","Lebanon County, Pennsylvania",46162,45536,41427,45022,54315,77462,0,2,"Pennsylvania",NA,NA,"Democratic"
"42077","Lehigh County, Pennsylvania",49244,31119,37320,43584,64459,86210,1,3,"Pennsylvania",NA,NA,"Democratic"
"42079","Luzerne County, Pennsylvania",41940,31384,36453,41123,56501,72289,0,1,"Pennsylvania",NA,NA,"Democratic"
"42081","Lycoming County, Pennsylvania",43419,35812,31991,42180,53926,68730,0,2,"Pennsylvania",NA,NA,"Democratic"
"42085","Mercer County, Pennsylvania",41765,31018,33889,40905,47391,74538,0,1,"Pennsylvania",NA,NA,"Democratic"
"42089","Monroe County, Pennsylvania",46074,31150,40045,51073,52078,78315,0,2,"Pennsylvania",NA,NA,"Democratic"
"42091","Montgomery County, Pennsylvania",67006,39526,43987,50466,76452,99619,1,4,"Pennsylvania",NA,NA,"Democratic"
"42095","Northampton County, Pennsylvania",50701,32278,38910,48301,65015,79208,1,3,"Pennsylvania",NA,NA,"Democratic"
"42097","Northumberland County, Pennsylvania",43663,33331,36917,42480,62488,69338,0,2,"Pennsylvania",NA,NA,"Democratic"
"42101","Philadelphia County, Pennsylvania",46550,26606,32544,40840,60836,72197,0,2,"Pennsylvania",NA,NA,"Democratic"
"42107","Schuylkill County, Pennsylvania",45697,28627,41185,44175,55514,58043,0,2,"Pennsylvania",NA,NA,"Democratic"
"42111","Somerset County, Pennsylvania",37177,22089,31764,40510,55495,68125,0,1,"Pennsylvania",NA,NA,"Democratic"
"42125","Washington County, Pennsylvania",53738,22307,43537,46081,70263,76470,1,4,"Pennsylvania",NA,NA,"Democratic"
"42129","Westmoreland County, Pennsylvania",51265,34647,38635,48825,60137,79928,1,3,"Pennsylvania",NA,NA,"Democratic"
"42133","York County, Pennsylvania",51040,33788,40807,49766,63994,84338,1,3,"Pennsylvania",NA,NA,"Democratic"
"44003","Kent County, Rhode Island",54999,46418,41328,51753,65051,89655,1,4,"Rhode Island",NA,NA,"Democratic"
"44005","Newport County, Rhode Island",57293,35221,39175,50891,73937,90019,1,4,"Rhode Island",NA,NA,"Democratic"
"44007","Providence County, Rhode Island",51460,34438,41251,46560,65355,83313,1,3,"Rhode Island",NA,NA,"Democratic"
"44009","Washington County, Rhode Island",62362,30985,46970,53510,70225,80705,1,4,"Rhode Island",NA,NA,"Democratic"
"45003","Aiken County, South Carolina",47418,37785,42728,40105,61632,91689,0,3,"South Carolina",1,69,"Republican"
"45007","Anderson County, South Carolina",42556,19909,34294,41345,54965,76081,0,2,"South Carolina",1,69,"Republican"
"45013","Beaufort County, South Carolina",48055,35953,43054,42074,55914,80536,0,3,"South Carolina",1,69,"Republican"
"45015","Berkeley County, South Carolina",49008,38339,39897,41960,60857,70449,1,3,"South Carolina",1,69,"Republican"
"45019","Charleston County, South Carolina",51605,30626,36200,39240,66949,77751,1,3,"South Carolina",1,69,"Republican"
"45035","Dorchester County, South Carolina",46280,30857,40383,45641,61329,71716,0,2,"South Carolina",1,69,"Republican"
"45041","Florence County, South Carolina",40502,27278,30776,39640,53504,57708,0,1,"South Carolina",1,69,"Republican"
"45045","Greenville County, South Carolina",48429,29752,37231,46354,59807,73229,0,3,"South Carolina",1,69,"Republican"
"45047","Greenwood County, South Carolina",39909,26127,38632,36265,49221,62342,0,1,"South Carolina",1,69,"Republican"
"45051","Horry County, South Carolina",36751,21199,27299,41674,47957,55686,0,1,"South Carolina",1,69,"Republican"
"45055","Kershaw County, South Carolina",40414,36590,36554,40491,53259,40785,0,1,"South Carolina",1,69,"Republican"
"45057","Lancaster County, South Carolina",44024,26519,37079,42037,61847,49853,0,2,"South Carolina",1,69,"Republican"
"45059","Laurens County, South Carolina",37077,26553,32347,37044,53963,61344,0,1,"South Carolina",1,69,"Republican"
"45063","Lexington County, South Carolina",47481,30935,38413,45684,56388,64286,0,3,"South Carolina",1,69,"Republican"
"45073","Oconee County, South Carolina",44493,28782,37834,40671,58275,75329,0,2,"South Carolina",1,69,"Republican"
"45075","Orangeburg County, South Carolina",34674,19085,32246,33655,47204,62047,0,1,"South Carolina",1,69,"Republican"
"45077","Pickens County, South Carolina",40960,25204,38487,40471,47205,54934,0,1,"South Carolina",1,69,"Republican"
"45079","Richland County, South Carolina",42052,24166,31427,35140,54757,64840,0,1,"South Carolina",1,69,"Republican"
"45083","Spartanburg County, South Carolina",41760,25084,35266,40377,53018,65369,0,1,"South Carolina",1,69,"Republican"
"45085","Sumter County, South Carolina",39898,31614,32219,38224,46836,68552,0,1,"South Carolina",1,69,"Republican"
"45091","York County, South Carolina",51549,35722,34541,42386,73052,71518,1,3,"South Carolina",1,69,"Republican"
"46083","Lincoln County, South Dakota",49599,22385,40012,45918,60591,69521,1,3,"South Dakota",1,77,"Republican"
"46099","Minnehaha County, South Dakota",47797,33030,41231,46750,54038,73428,0,3,"South Dakota",1,77,"Republican"
"46103","Pennington County, South Dakota",42114,26470,36848,41960,41942,72129,0,1,"South Dakota",1,77,"Republican"
"47001","Anderson County, Tennessee",44827,15878,32006,45987,65614,70450,0,2,"Tennessee",1,76,"Republican"
"47009","Blount County, Tennessee",43502,32056,36526,42399,46211,74579,0,2,"Tennessee",1,76,"Republican"
"47011","Bradley County, Tennessee",39837,25023,32417,39511,42656,54246,0,1,"Tennessee",1,76,"Republican"
"47037","Davidson County, Tennessee",50789,31596,35240,41950,60905,77380,1,3,"Tennessee",1,76,"Republican"
"47059","Greene County, Tennessee",39190,37525,38614,36528,44561,51925,0,1,"Tennessee",1,76,"Republican"
"47063","Hamblen County, Tennessee",41871,27793,41907,35189,54599,66861,0,1,"Tennessee",1,76,"Republican"
"47065","Hamilton County, Tennessee",48476,26475,36814,45188,63567,69196,0,3,"Tennessee",1,76,"Republican"
"47093","Knox County, Tennessee",46767,30788,35602,42519,61007,71640,0,2,"Tennessee",1,76,"Republican"
"47113","Madison County, Tennessee",36436,20934,31777,32886,52509,74769,0,1,"Tennessee",1,76,"Republican"
"47119","Maury County, Tennessee",46040,32396,42768,42861,61975,63252,0,2,"Tennessee",1,76,"Republican"
"47125","Montgomery County, Tennessee",45856,49438,39809,39506,53983,64648,0,2,"Tennessee",1,76,"Republican"
"47141","Putnam County, Tennessee",42474,22782,36773,38421,46601,75329,0,2,"Tennessee",1,76,"Republican"
"47147","Robertson County, Tennessee",48329,30183,45083,47671,60573,62711,0,3,"Tennessee",1,76,"Republican"
"47149","Rutherford County, Tennessee",46851,33118,36211,44879,59636,65650,0,2,"Tennessee",1,76,"Republican"
"47155","Sevier County, Tennessee",34929,30050,28458,35652,40809,74826,0,1,"Tennessee",1,76,"Republican"
"47157","Shelby County, Tennessee",45547,27737,32267,41173,55284,80122,0,2,"Tennessee",1,76,"Republican"
"47163","Sullivan County, Tennessee",40225,26847,32085,37363,52601,62883,0,1,"Tennessee",1,76,"Republican"
"47165","Sumner County, Tennessee",53380,37878,43537,44882,65188,76803,1,4,"Tennessee",1,76,"Republican"
"47179","Washington County, Tennessee",41115,15669,36752,39788,41053,68580,0,1,"Tennessee",1,76,"Republican"
"47187","Williamson County, Tennessee",75959,41016,42341,61314,77590,100341,1,4,"Tennessee",1,76,"Republican"
"47189","Wilson County, Tennessee",52852,34246,41850,49975,59179,87909,1,4,"Tennessee",1,76,"Republican"
"48005","Angelina County, Texas",39539,24095,33028,43522,50541,88514,0,1,"Texas",1,30,"Republican"
"48021","Bastrop County, Texas",42679,32074,41800,43663,53290,75568,0,2,"Texas",1,30,"Republican"
"48027","Bell County, Texas",41088,30239,30920,38757,55758,61676,0,1,"Texas",1,30,"Republican"
"48029","Bexar County, Texas",42221,27032,32766,39374,60221,72583,0,1,"Texas",1,30,"Republican"
"48037","Bowie County, Texas",36441,22091,29344,31838,48479,72325,0,1,"Texas",1,30,"Republican"
"48039","Brazoria County, Texas",60030,33806,43663,52041,69687,91469,1,4,"Texas",1,30,"Republican"
"48041","Brazos County, Texas",45787,27281,34849,40379,57412,68018,0,2,"Texas",1,30,"Republican"
"48061","Cameron County, Texas",32128,20066,30293,32885,47680,61067,0,1,"Texas",1,30,"Republican"
"48085","Collin County, Texas",67288,30273,41361,53843,79340,102368,1,4,"Texas",1,30,"Republican"
"48091","Comal County, Texas",56046,37103,32157,54682,64939,70303,1,4,"Texas",1,30,"Republican"
"48099","Coryell County, Texas",37224,26538,32256,33030,53978,57046,0,1,"Texas",1,30,"Republican"
"48113","Dallas County, Texas",47541,31382,35068,43231,69019,88872,0,3,"Texas",1,30,"Republican"
"48121","Denton County, Texas",62163,33225,39328,53696,75525,89866,1,4,"Texas",1,30,"Republican"
"48135","Ector County, Texas",48311,43549,42174,49531,49984,65679,0,3,"Texas",1,30,"Republican"
"48139","Ellis County, Texas",54051,36734,45059,55045,60956,71756,1,4,"Texas",1,30,"Republican"
"48141","El Paso County, Texas",37164,22686,29833,34502,52623,74452,0,1,"Texas",1,30,"Republican"
"48157","Fort Bend County, Texas",58815,29505,34541,46565,70429,101549,1,4,"Texas",1,30,"Republican"
"48167","Galveston County, Texas",55580,23955,43027,51637,66018,92151,1,4,"Texas",1,30,"Republican"
"48181","Grayson County, Texas",43488,32723,40201,41230,59792,61091,0,2,"Texas",1,30,"Republican"
"48183","Gregg County, Texas",42480,26522,36760,44238,65722,66475,0,2,"Texas",1,30,"Republican"
"48187","Guadalupe County, Texas",51670,36756,43694,47589,67931,87057,1,3,"Texas",1,30,"Republican"
"48201","Harris County, Texas",46955,28522,36896,43533,64502,87167,0,2,"Texas",1,30,"Republican"
"48203","Harrison County, Texas",43738,26844,39252,38249,63459,69200,0,2,"Texas",1,30,"Republican"
"48209","Hays County, Texas",54975,36610,44723,46116,65749,70316,1,4,"Texas",1,30,"Republican"
"48213","Henderson County, Texas",41276,19817,36978,39794,60745,60888,0,1,"Texas",1,30,"Republican"
"48215","Hidalgo County, Texas",32067,20360,28165,35540,54176,66929,0,1,"Texas",1,30,"Republican"
"48221","Hood County, Texas",45490,51379,37150,34185,53885,83811,0,2,"Texas",1,30,"Republican"
"48231","Hunt County, Texas",43969,24587,36605,44781,62370,63387,0,2,"Texas",1,30,"Republican"
"48245","Jefferson County, Texas",41609,27250,35747,41173,54601,72955,0,1,"Texas",1,30,"Republican"
"48251","Johnson County, Texas",47699,33806,40778,44832,60980,72009,0,3,"Texas",1,30,"Republican"
"48257","Kaufman County, Texas",51739,31192,32290,51167,67197,82694,1,3,"Texas",1,30,"Republican"
"48291","Liberty County, Texas",38570,20287,42414,39489,60307,62381,0,1,"Texas",1,30,"Republican"
"48303","Lubbock County, Texas",45361,26104,35537,42272,57387,65867,0,2,"Texas",1,30,"Republican"
"48309","McLennan County, Texas",43464,26863,36239,43763,54381,73999,0,2,"Texas",1,30,"Republican"
"48329","Midland County, Texas",53366,50410,39070,51241,64783,91722,1,4,"Texas",1,30,"Republican"
"48339","Montgomery County, Texas",55441,32116,42041,50417,77902,93169,1,4,"Texas",1,30,"Republican"
"48355","Nueces County, Texas",42669,23513,36572,41463,59010,69893,0,2,"Texas",1,30,"Republican"
"48361","Orange County, Texas",44863,31011,38970,41497,65712,62310,0,2,"Texas",1,30,"Republican"
"48367","Parker County, Texas",54969,36206,46290,50196,64198,98977,1,4,"Texas",1,30,"Republican"
"48375","Potter County, Texas",37157,30785,36278,38849,53285,106241,0,1,"Texas",1,30,"Republican"
"48381","Randall County, Texas",52386,35818,41704,51406,61729,72261,1,3,"Texas",1,30,"Republican"
"48397","Rockwall County, Texas",63057,40221,50769,56479,92591,91605,1,4,"Texas",1,30,"Republican"
"48409","San Patricio County, Texas",46276,35461,30875,48099,68244,84276,0,2,"Texas",1,30,"Republican"
"48423","Smith County, Texas",39890,26749,31670,36979,54239,65774,0,1,"Texas",1,30,"Republican"
"48427","Starr County, Texas",20736,19828,17231,21355,24894,63903,0,1,"Texas",1,30,"Republican"
"48439","Tarrant County, Texas",50500,31639,39261,46692,67811,82478,1,3,"Texas",1,30,"Republican"
"48441","Taylor County, Texas",40196,21009,27137,42251,54959,59739,0,1,"Texas",1,30,"Republican"
"48451","Tom Green County, Texas",41832,30485,34975,39809,59979,62981,0,1,"Texas",1,30,"Republican"
"48453","Travis County, Texas",62297,30633,37844,50918,78099,91692,1,4,"Texas",1,30,"Republican"
"48469","Victoria County, Texas",39689,29015,36225,41343,51357,37299,0,1,"Texas",1,30,"Republican"
"48471","Walker County, Texas",38785,28352,31078,29899,55059,44888,0,1,"Texas",1,30,"Republican"
"48479","Webb County, Texas",35583,26776,31573,35012,54139,64002,0,1,"Texas",1,30,"Republican"
"48485","Wichita County, Texas",42163,26207,36168,43382,58027,80992,0,1,"Texas",1,30,"Republican"
"48491","Williamson County, Texas",61114,38251,43324,51700,74399,93053,1,4,"Texas",1,30,"Republican"
"48497","Wise County, Texas",50559,34482,36379,50659,75777,86702,1,3,"Texas",1,30,"Republican"
"49005","Cache County, Utah",46080,38202,37374,40505,58455,79419,0,2,"Utah",1,68,"Republican"
"49011","Davis County, Utah",56453,49192,41560,45498,63481,102356,1,4,"Utah",1,68,"Republican"
"49035","Salt Lake County, Utah",51833,36642,40929,46212,62985,91656,1,3,"Utah",1,68,"Republican"
"49045","Tooele County, Utah",52488,53587,42592,51690,64554,84404,1,3,"Utah",1,68,"Republican"
"49049","Utah County, Utah",51680,35130,38678,42895,58952,97779,1,3,"Utah",1,68,"Republican"
"49053","Washington County, Utah",45256,32804,40522,37429,49345,81792,0,2,"Utah",1,68,"Republican"
"49057","Weber County, Utah",48642,39097,40397,42904,64053,80742,1,3,"Utah",1,68,"Republican"
"50007","Chittenden County, Vermont",58765,34818,47329,47907,60804,72587,1,4,"Vermont",NA,NA,"Republican"
"51003","Albemarle County, Virginia",61771,32007,33759,48388,68986,81268,1,4,"Virginia",1,76,"Republican"
"51013","Arlington County, Virginia",97407,21559,39726,51479,94455,121244,1,4,"Virginia",1,76,"Republican"
"51015","Augusta County, Virginia",45213,26603,38599,47229,56641,61070,0,2,"Virginia",1,76,"Republican"
"51019","Bedford County, Virginia",48308,21351,45791,40515,50482,83393,0,3,"Virginia",1,76,"Republican"
"51041","Chesterfield County, Virginia",56486,37302,44691,45769,71000,82665,1,4,"Virginia",1,76,"Republican"
"51059","Fairfax County, Virginia",82179,31418,39981,49740,91167,121686,1,4,"Virginia",1,76,"Republican"
"51061","Fauquier County, Virginia",64650,19823,50588,59997,96453,94078,1,4,"Virginia",1,76,"Republican"
"51069","Frederick County, Virginia",56188,43098,47838,51379,79531,77274,1,4,"Virginia",1,76,"Republican"
"51085","Hanover County, Virginia",60537,33323,48936,51818,72972,82336,1,4,"Virginia",1,76,"Republican"
"51087","Henrico County, Virginia",51839,25874,37649,42396,62655,92378,1,3,"Virginia",1,76,"Republican"
"51095","James City County, Virginia",57958,36277,41365,47443,64681,84507,1,4,"Virginia",1,76,"Republican"
"51107","Loudoun County, Virginia",91490,36564,48899,60768,104766,124497,1,4,"Virginia",1,76,"Republican"
"51121","Montgomery County, Virginia",53957,16854,38860,50206,54297,79292,1,4,"Virginia",1,76,"Republican"
"51153","Prince William County, Virginia",63455,34723,43878,55350,83165,97662,1,4,"Virginia",1,76,"Republican"
"51161","Roanoke County, Virginia",51194,21970,41115,48789,76508,82861,1,3,"Virginia",1,76,"Republican"
"51165","Rockingham County, Virginia",42038,27049,38177,41725,51442,64476,0,1,"Virginia",1,76,"Republican"
"51177","Spotsylvania County, Virginia",54857,32528,41188,57193,70015,89389,1,4,"Virginia",1,76,"Republican"
"51179","Stafford County, Virginia",73270,32024,51928,61734,79821,111756,1,4,"Virginia",1,76,"Republican"
"51199","York County, Virginia",67429,31637,38678,56326,81747,88877,1,4,"Virginia",1,76,"Republican"
"51510","Alexandria city, Virginia",82150,26185,30518,55227,88405,113858,1,4,"Virginia",1,76,"Republican"
"51550","Chesapeake city, Virginia",52720,24738,42326,47049,66410,80827,1,3,"Virginia",1,76,"Republican"
"51650","Hampton city, Virginia",47695,40658,42063,41281,54845,68797,0,3,"Virginia",1,76,"Republican"
"51680","Lynchburg city, Virginia",40541,53868,28056,33717,50573,61300,0,1,"Virginia",1,76,"Republican"
"51700","Newport News city, Virginia",45558,26444,38110,42751,50853,73243,0,2,"Virginia",1,76,"Republican"
"51710","Norfolk city, Virginia",43179,23701,34589,35108,56750,70898,0,2,"Virginia",1,76,"Republican"
"51740","Portsmouth city, Virginia",41738,21130,34234,40180,60068,73824,0,1,"Virginia",1,76,"Republican"
"51760","Richmond city, Virginia",49075,23876,33459,40224,62190,74220,1,3,"Virginia",1,76,"Republican"
"51770","Roanoke city, Virginia",40510,25264,36706,36555,49751,69867,0,1,"Virginia",1,76,"Republican"
"51800","Suffolk city, Virginia",58311,37375,49162,51393,75291,83312,1,4,"Virginia",1,76,"Republican"
"51810","Virginia Beach city, Virginia",52300,32882,40897,43134,64814,78664,1,3,"Virginia",1,76,"Republican"
"53005","Benton County, Washington",51441,27054,41304,50122,70369,81891,1,3,"Washington",NA,NA,"Democratic"
"53007","Chelan County, Washington",48430,35411,34425,49385,62109,92620,0,3,"Washington",NA,NA,"Democratic"
"53009","Clallam County, Washington",47207,32980,42358,40410,55355,82504,0,3,"Washington",NA,NA,"Democratic"
"53011","Clark County, Washington",57650,36333,42201,54850,74138,101113,1,4,"Washington",NA,NA,"Democratic"
"53015","Cowlitz County, Washington",47556,30929,46209,47248,72789,49728,0,3,"Washington",NA,NA,"Democratic"
"53021","Franklin County, Washington",44555,31951,35054,55917,90250,88778,0,2,"Washington",NA,NA,"Democratic"
"53025","Grant County, Washington",43734,29890,40965,44927,76085,94252,0,2,"Washington",NA,NA,"Democratic"
"53027","Grays Harbor County, Washington",42112,33724,33680,45628,51950,80327,0,1,"Washington",NA,NA,"Democratic"
"53029","Island County, Washington",50946,41313,44094,47158,61213,58159,1,3,"Washington",NA,NA,"Democratic"
"53033","King County, Washington",75237,37662,46100,53962,87937,120010,1,4,"Washington",NA,NA,"Democratic"
"53035","Kitsap County, Washington",55445,26996,48945,51444,69473,100350,1,4,"Washington",NA,NA,"Democratic"
"53041","Lewis County, Washington",48161,34808,42356,42062,63667,63622,0,3,"Washington",NA,NA,"Democratic"
"53045","Mason County, Washington",53754,29773,50080,55640,67176,71192,1,4,"Washington",NA,NA,"Democratic"
"53053","Pierce County, Washington",59131,44803,45813,54516,76082,89239,1,4,"Washington",NA,NA,"Democratic"
"53057","Skagit County, Washington",52186,40369,38399,56180,65340,80610,1,3,"Washington",NA,NA,"Democratic"
"53061","Snohomish County, Washington",63482,42336,48498,56839,81226,107689,1,4,"Washington",NA,NA,"Democratic"
"53063","Spokane County, Washington",47277,36501,34139,43913,61371,75033,0,3,"Washington",NA,NA,"Democratic"
"53067","Thurston County, Washington",55744,31719,40378,51875,67002,82972,1,4,"Washington",NA,NA,"Democratic"
"53073","Whatcom County, Washington",51249,42006,40310,46489,58463,76928,1,3,"Washington",NA,NA,"Democratic"
"53077","Yakima County, Washington",41064,31499,37236,42702,57465,78179,0,1,"Washington",NA,NA,"Democratic"
"54003","Berkeley County, West Virginia",48787,36323,41583,52594,53519,74993,1,3,"West Virginia",1,7,"Republican[note 2]"
"54011","Cabell County, West Virginia",44715,23838,30870,41569,51332,59130,0,2,"West Virginia",1,7,"Republican[note 2]"
"54033","Harrison County, West Virginia",48242,13681,35601,45000,61323,58023,0,3,"West Virginia",1,7,"Republican[note 2]"
"54039","Kanawha County, West Virginia",46268,29586,36874,41499,54681,76065,0,2,"West Virginia",1,7,"Republican[note 2]"
"54061","Monongalia County, West Virginia",48829,12413,34435,37483,49143,67759,1,3,"West Virginia",1,7,"Republican[note 2]"
"54081","Raleigh County, West Virginia",41033,25500,30317,37532,58913,57101,0,1,"West Virginia",1,7,"Republican[note 2]"
"54107","Wood County, West Virginia",44268,21297,30992,42461,59481,79589,0,2,"West Virginia",1,7,"Republican[note 2]"
"55009","Brown County, Wisconsin",49045,31217,39688,44366,59383,74788,1,3,"Wisconsin",1,8,"Democratic"
"55017","Chippewa County, Wisconsin",46613,41250,42859,41852,63049,73750,0,2,"Wisconsin",1,8,"Democratic"
"55025","Dane County, Wisconsin",58828,34572,37370,47501,66887,81520,1,4,"Wisconsin",1,8,"Democratic"
"55027","Dodge County, Wisconsin",47175,35813,43452,44921,57323,55264,0,3,"Wisconsin",1,8,"Democratic"
"55035","Eau Claire County, Wisconsin",46883,40605,34549,39713,59236,68168,0,2,"Wisconsin",1,8,"Democratic"
"55039","Fond du Lac County, Wisconsin",48588,35197,40014,49219,61354,91533,1,3,"Wisconsin",1,8,"Democratic"
"55055","Jefferson County, Wisconsin",50069,40224,44330,48867,57558,71513,1,3,"Wisconsin",1,8,"Democratic"
"55059","Kenosha County, Wisconsin",51615,38333,42431,44110,64498,77033,1,3,"Wisconsin",1,8,"Democratic"
"55063","La Crosse County, Wisconsin",46334,39724,37947,44255,55831,63989,0,2,"Wisconsin",1,8,"Democratic"
"55071","Manitowoc County, Wisconsin",43640,40750,40599,43292,51992,64864,0,2,"Wisconsin",1,8,"Democratic"
"55073","Marathon County, Wisconsin",46229,35821,39877,44958,52899,74318,0,2,"Wisconsin",1,8,"Democratic"
"55079","Milwaukee County, Wisconsin",46767,30072,37144,41527,58869,74476,0,2,"Wisconsin",1,8,"Democratic"
"55087","Outagamie County, Wisconsin",51315,42401,40661,49554,57522,78288,1,3,"Wisconsin",1,8,"Democratic"
"55089","Ozaukee County, Wisconsin",60126,12163,41017,50411,76749,94244,1,4,"Wisconsin",1,8,"Democratic"
"55097","Portage County, Wisconsin",46812,36103,42090,44455,57762,62272,0,2,"Wisconsin",1,8,"Democratic"
"55101","Racine County, Wisconsin",52587,39457,42194,50129,64294,66993,1,3,"Wisconsin",1,8,"Democratic"
"55105","Rock County, Wisconsin",46850,36811,40436,48291,59258,70776,0,2,"Wisconsin",1,8,"Democratic"
"55109","St. Croix County, Wisconsin",55337,28942,40651,51818,71632,87431,1,4,"Wisconsin",1,8,"Democratic"
"55111","Sauk County, Wisconsin",46411,32679,37953,49597,51707,66098,0,2,"Wisconsin",1,8,"Democratic"
"55117","Sheboygan County, Wisconsin",48566,46739,40278,47688,59668,70130,0,3,"Wisconsin",1,8,"Democratic"
"55127","Walworth County, Wisconsin",49370,36532,37643,50915,56992,74307,1,3,"Wisconsin",1,8,"Democratic"
"55131","Washington County, Wisconsin",55532,38188,46679,49515,67870,80876,1,4,"Wisconsin",1,8,"Democratic"
"55133","Waukesha County, Wisconsin",63568,38188,44270,52101,72367,94991,1,4,"Wisconsin",1,8,"Democratic"
"55139","Winnebago County, Wisconsin",48636,39756,37584,47257,61016,79004,1,3,"Wisconsin",1,8,"Democratic"
"55141","Wood County, Wisconsin",46390,43900,38596,43732,51570,76223,0,2,"Wisconsin",1,8,"Democratic"
"56021","Laramie County, Wyoming",51931,36548,37839,51456,58526,69770,1,3,"Wyoming",1,60,"Republican"
"56025","Natrona County, Wyoming",48454,29565,43421,47870,46645,72147,0,3,"Wyoming",1,60,"Republican"
"72013","Arecibo Municipio, Puerto Rico",22544,4265,17373,21773,26693,39362,0,1,"Puerto Rico",NA,NA,NA
"72021","Bayamón Municipio, Puerto Rico",22101,13480,14984,19589,32141,32030,0,1,"Puerto Rico",NA,NA,NA
"72025","Caguas Municipio, Puerto Rico",24232,12756,16714,21592,25580,55721,0,1,"Puerto Rico",NA,NA,NA
"72031","Carolina Municipio, Puerto Rico",22448,15980,17250,21954,27410,36449,0,1,"Puerto Rico",NA,NA,NA
"72061","Guaynabo Municipio, Puerto Rico",31062,4774,16479,19905,37974,55469,0,1,"Puerto Rico",NA,NA,NA
"72097","Mayagüez Municipio, Puerto Rico",16317,10329,14363,14816,19556,35209,0,1,"Puerto Rico",NA,NA,NA
"72113","Ponce Municipio, Puerto Rico",19177,14142,14465,17820,25627,31586,0,1,"Puerto Rico",NA,NA,NA
"72127","San Juan Municipio, Puerto Rico",25254,12337,14857,20640,30980,52509,0,1,"Puerto Rico",NA,NA,NA
"72135","Toa Alta Municipio, Puerto Rico",26307,24688,19240,28050,27356,40613,0,1,"Puerto Rico",NA,NA,NA
"72137","Toa Baja Municipio, Puerto Rico",22548,15486,16943,20567,29054,31431,0,1,"Puerto Rico",NA,NA,NA
"72139","Trujillo Alto Municipio, Puerto Rico",23919,12938,17417,19723,27306,25538,0,1,"Puerto Rico",NA,NA,NA
